--
-- PostgreSQL database dump
--

-- Dumped from database version 17.4
-- Dumped by pg_dump version 17.4

SET statement_timeout = 0;
SET lock_timeout = 0;
SET idle_in_transaction_session_timeout = 0;
SET transaction_timeout = 0;
SET client_encoding = 'UTF8';
SET standard_conforming_strings = on;
SELECT pg_catalog.set_config('search_path', '', false);
SET check_function_bodies = false;
SET xmloption = content;
SET client_min_messages = warning;
SET row_security = off;

SET default_tablespace = '';

SET default_table_access_method = heap;

--
-- Name: ems_alarm_config; Type: TABLE; Schema: public; Owner: postgres
--

CREATE TABLE public.ems_alarm_config (
    id bigint NOT NULL,
    created_at timestamp(6) without time zone,
    updated_at timestamp(6) without time zone,
    is_enabled boolean,
    limit_value numeric(10,4),
    meter_point_id bigint NOT NULL,
    remark character varying(500),
    limit_type_id bigint NOT NULL
);


ALTER TABLE public.ems_alarm_config OWNER TO postgres;

--
-- Name: ems_alarm_config_id_seq; Type: SEQUENCE; Schema: public; Owner: postgres
--

ALTER TABLE public.ems_alarm_config ALTER COLUMN id ADD GENERATED BY DEFAULT AS IDENTITY (
    SEQUENCE NAME public.ems_alarm_config_id_seq
    START WITH 1
    INCREMENT BY 1
    NO MINVALUE
    NO MAXVALUE
    CACHE 1
);


--
-- Name: ems_alarm_limit_type; Type: TABLE; Schema: public; Owner: postgres
--

CREATE TABLE public.ems_alarm_limit_type (
    id bigint NOT NULL,
    created_at timestamp(6) without time zone,
    updated_at timestamp(6) without time zone,
    alarm_type character varying(20),
    color_number character varying(20),
    comparator_operator character varying(10),
    limit_code character varying(50) NOT NULL,
    limit_name character varying(100) NOT NULL
);


ALTER TABLE public.ems_alarm_limit_type OWNER TO postgres;

--
-- Name: ems_alarm_limit_type_id_seq; Type: SEQUENCE; Schema: public; Owner: postgres
--

ALTER TABLE public.ems_alarm_limit_type ALTER COLUMN id ADD GENERATED BY DEFAULT AS IDENTITY (
    SEQUENCE NAME public.ems_alarm_limit_type_id_seq
    START WITH 1
    INCREMENT BY 1
    NO MINVALUE
    NO MAXVALUE
    CACHE 1
);


--
-- Name: ems_alarm_record; Type: TABLE; Schema: public; Owner: postgres
--

CREATE TABLE public.ems_alarm_record (
    id bigint NOT NULL,
    created_at timestamp(6) without time zone,
    updated_at timestamp(6) without time zone,
    handle_remark character varying(500),
    handle_time timestamp(6) without time zone,
    status integer,
    trigger_time timestamp(6) without time zone NOT NULL,
    trigger_value numeric(10,4),
    config_id bigint NOT NULL
);


ALTER TABLE public.ems_alarm_record OWNER TO postgres;

--
-- Name: ems_alarm_record_id_seq; Type: SEQUENCE; Schema: public; Owner: postgres
--

ALTER TABLE public.ems_alarm_record ALTER COLUMN id ADD GENERATED BY DEFAULT AS IDENTITY (
    SEQUENCE NAME public.ems_alarm_record_id_seq
    START WITH 1
    INCREMENT BY 1
    NO MINVALUE
    NO MAXVALUE
    CACHE 1
);


--
-- Name: ems_benchmark; Type: TABLE; Schema: public; Owner: postgres
--

CREATE TABLE public.ems_benchmark (
    id bigint NOT NULL,
    created_at timestamp(6) without time zone,
    updated_at timestamp(6) without time zone,
    code character varying(50) NOT NULL,
    grade character varying(20),
    name character varying(100) NOT NULL,
    national_num character varying(50),
    remark character varying(500),
    status smallint,
    type character varying(20),
    unit character varying(20),
    value numeric(12,4),
    energy_type_id bigint,
    CONSTRAINT ems_benchmark_status_check CHECK (((status >= 0) AND (status <= 1))),
    CONSTRAINT ems_benchmark_type_check CHECK (((type)::text = ANY ((ARRAY['NATIONAL'::character varying, 'INDUSTRY'::character varying, 'ENTERPRISE'::character varying, 'REGIONAL'::character varying])::text[])))
);


ALTER TABLE public.ems_benchmark OWNER TO postgres;

--
-- Name: ems_benchmark_id_seq; Type: SEQUENCE; Schema: public; Owner: postgres
--

ALTER TABLE public.ems_benchmark ALTER COLUMN id ADD GENERATED BY DEFAULT AS IDENTITY (
    SEQUENCE NAME public.ems_benchmark_id_seq
    START WITH 1
    INCREMENT BY 1
    NO MINVALUE
    NO MAXVALUE
    CACHE 1
);


--
-- Name: ems_cost_policy_binding; Type: TABLE; Schema: public; Owner: postgres
--

CREATE TABLE public.ems_cost_policy_binding (
    id bigint NOT NULL,
    created_at timestamp(6) without time zone,
    updated_at timestamp(6) without time zone,
    effective_end_date date,
    effective_start_date date NOT NULL,
    remark character varying(500),
    status smallint,
    energy_unit_id bigint NOT NULL,
    price_policy_id bigint NOT NULL,
    CONSTRAINT ems_cost_policy_binding_status_check CHECK (((status >= 0) AND (status <= 1)))
);


ALTER TABLE public.ems_cost_policy_binding OWNER TO postgres;

--
-- Name: ems_cost_policy_binding_id_seq; Type: SEQUENCE; Schema: public; Owner: postgres
--

ALTER TABLE public.ems_cost_policy_binding ALTER COLUMN id ADD GENERATED BY DEFAULT AS IDENTITY (
    SEQUENCE NAME public.ems_cost_policy_binding_id_seq
    START WITH 1
    INCREMENT BY 1
    NO MINVALUE
    NO MAXVALUE
    CACHE 1
);


--
-- Name: ems_data_source; Type: TABLE; Schema: public; Owner: postgres
--

CREATE TABLE public.ems_data_source (
    id bigint NOT NULL,
    created_at timestamp(6) without time zone,
    updated_at timestamp(6) without time zone,
    connection text,
    last_seen_time timestamp(6) without time zone,
    name character varying(150) NOT NULL,
    poll_interval_secs integer,
    protocol character varying(30) NOT NULL,
    remark character varying(500),
    status smallint NOT NULL,
    gateway_id bigint NOT NULL,
    CONSTRAINT ems_data_source_status_check CHECK (((status >= 0) AND (status <= 1)))
);


ALTER TABLE public.ems_data_source OWNER TO postgres;

--
-- Name: ems_data_source_id_seq; Type: SEQUENCE; Schema: public; Owner: postgres
--

ALTER TABLE public.ems_data_source ALTER COLUMN id ADD GENERATED BY DEFAULT AS IDENTITY (
    SEQUENCE NAME public.ems_data_source_id_seq
    START WITH 1
    INCREMENT BY 1
    NO MINVALUE
    NO MAXVALUE
    CACHE 1
);


--
-- Name: ems_energy_cost_record; Type: TABLE; Schema: public; Owner: postgres
--

CREATE TABLE public.ems_energy_cost_record (
    id bigint NOT NULL,
    created_at timestamp(6) without time zone,
    updated_at timestamp(6) without time zone,
    consumption numeric(14,4),
    cost numeric(14,2),
    flat_consumption numeric(14,4),
    peak_consumption numeric(14,4),
    period_type character varying(10),
    power_factor numeric(5,2),
    record_date date NOT NULL,
    remark character varying(500),
    sharp_consumption numeric(14,4),
    valley_consumption numeric(14,4),
    energy_type_id bigint,
    energy_unit_id bigint,
    CONSTRAINT ems_energy_cost_record_period_type_check CHECK (((period_type)::text = ANY ((ARRAY['DAY'::character varying, 'MONTH'::character varying, 'YEAR'::character varying])::text[])))
);


ALTER TABLE public.ems_energy_cost_record OWNER TO postgres;

--
-- Name: ems_energy_cost_record_id_seq; Type: SEQUENCE; Schema: public; Owner: postgres
--

ALTER TABLE public.ems_energy_cost_record ALTER COLUMN id ADD GENERATED BY DEFAULT AS IDENTITY (
    SEQUENCE NAME public.ems_energy_cost_record_id_seq
    START WITH 1
    INCREMENT BY 1
    NO MINVALUE
    NO MAXVALUE
    CACHE 1
);


--
-- Name: ems_energy_data; Type: TABLE; Schema: public; Owner: postgres
--

CREATE TABLE public.ems_energy_data (
    id bigint NOT NULL,
    created_at timestamp(6) without time zone,
    data_time timestamp(6) without time zone NOT NULL,
    time_type character varying(10) NOT NULL,
    value numeric(18,4),
    energy_type_id bigint NOT NULL,
    meter_point_id bigint NOT NULL
);


ALTER TABLE public.ems_energy_data OWNER TO postgres;

--
-- Name: ems_energy_data_id_seq; Type: SEQUENCE; Schema: public; Owner: postgres
--

ALTER TABLE public.ems_energy_data ALTER COLUMN id ADD GENERATED BY DEFAULT AS IDENTITY (
    SEQUENCE NAME public.ems_energy_data_id_seq
    START WITH 1
    INCREMENT BY 1
    NO MINVALUE
    NO MAXVALUE
    CACHE 1
);


--
-- Name: ems_energy_saving_project; Type: TABLE; Schema: public; Owner: postgres
--

CREATE TABLE public.ems_energy_saving_project (
    id bigint NOT NULL,
    name character varying(100) NOT NULL,
    plan text,
    implementation_plan text,
    current_work character varying(500),
    liable_person character varying(50),
    saving_amount numeric(12,2),
    completion_time date,
    status character varying(20) DEFAULT 'PLANNING'::character varying,
    remark character varying(500),
    created_at timestamp without time zone DEFAULT CURRENT_TIMESTAMP,
    updated_at timestamp without time zone DEFAULT CURRENT_TIMESTAMP
);


ALTER TABLE public.ems_energy_saving_project OWNER TO postgres;

--
-- Name: ems_energy_saving_project_id_seq; Type: SEQUENCE; Schema: public; Owner: postgres
--

CREATE SEQUENCE public.ems_energy_saving_project_id_seq
    START WITH 1
    INCREMENT BY 1
    NO MINVALUE
    NO MAXVALUE
    CACHE 1;


ALTER SEQUENCE public.ems_energy_saving_project_id_seq OWNER TO postgres;

--
-- Name: ems_energy_saving_project_id_seq; Type: SEQUENCE OWNED BY; Schema: public; Owner: postgres
--

ALTER SEQUENCE public.ems_energy_saving_project_id_seq OWNED BY public.ems_energy_saving_project.id;


--
-- Name: ems_energy_type; Type: TABLE; Schema: public; Owner: postgres
--

CREATE TABLE public.ems_energy_type (
    id bigint NOT NULL,
    created_at timestamp(6) without time zone,
    updated_at timestamp(6) without time zone,
    category character varying(20),
    code character varying(50) NOT NULL,
    coefficient numeric(10,4),
    color character varying(20),
    default_price numeric(10,4),
    emission_factor numeric(10,4),
    icon character varying(50),
    name character varying(100) NOT NULL,
    remark character varying(500),
    sort_order integer,
    status smallint NOT NULL,
    storable boolean NOT NULL,
    unit character varying(20) NOT NULL,
    CONSTRAINT ems_energy_type_status_check CHECK (((status >= 0) AND (status <= 1)))
);


ALTER TABLE public.ems_energy_type OWNER TO postgres;

--
-- Name: ems_energy_type_id_seq; Type: SEQUENCE; Schema: public; Owner: postgres
--

ALTER TABLE public.ems_energy_type ALTER COLUMN id ADD GENERATED BY DEFAULT AS IDENTITY (
    SEQUENCE NAME public.ems_energy_type_id_seq
    START WITH 1
    INCREMENT BY 1
    NO MINVALUE
    NO MAXVALUE
    CACHE 1
);


--
-- Name: ems_energy_unit; Type: TABLE; Schema: public; Owner: postgres
--

CREATE TABLE public.ems_energy_unit (
    id bigint NOT NULL,
    created_at timestamp(6) without time zone,
    updated_at timestamp(6) without time zone,
    code character varying(50) NOT NULL,
    level integer NOT NULL,
    name character varying(100) NOT NULL,
    remark character varying(500),
    sort_order integer,
    status smallint NOT NULL,
    parent_id bigint,
    rated_current numeric(10,2),
    rated_power numeric(12,2),
    unit_type character varying(20),
    voltage_level character varying(20),
    CONSTRAINT ems_energy_unit_status_check CHECK (((status >= 0) AND (status <= 1))),
    CONSTRAINT ems_energy_unit_unit_type_check CHECK (((unit_type)::text = ANY ((ARRAY['GENERAL'::character varying, 'BRANCH'::character varying, 'PROCESS'::character varying, 'EQUIPMENT'::character varying])::text[])))
);


ALTER TABLE public.ems_energy_unit OWNER TO postgres;

--
-- Name: ems_energy_unit_id_seq; Type: SEQUENCE; Schema: public; Owner: postgres
--

ALTER TABLE public.ems_energy_unit ALTER COLUMN id ADD GENERATED BY DEFAULT AS IDENTITY (
    SEQUENCE NAME public.ems_energy_unit_id_seq
    START WITH 1
    INCREMENT BY 1
    NO MINVALUE
    NO MAXVALUE
    CACHE 1
);


--
-- Name: ems_energy_unit_point; Type: TABLE; Schema: public; Owner: postgres
--

CREATE TABLE public.ems_energy_unit_point (
    meter_point_id bigint NOT NULL,
    energy_unit_id bigint NOT NULL
);


ALTER TABLE public.ems_energy_unit_point OWNER TO postgres;

--
-- Name: ems_equipment; Type: TABLE; Schema: public; Owner: postgres
--

CREATE TABLE public.ems_equipment (
    id bigint NOT NULL,
    created_at timestamp(6) without time zone,
    updated_at timestamp(6) without time zone,
    code character varying(50) NOT NULL,
    location character varying(300),
    manufacturer character varying(255),
    model_number character varying(150),
    name character varying(150) NOT NULL,
    rated_power numeric(12,2),
    remark character varying(500),
    sort_order integer,
    status smallint NOT NULL,
    type character varying(50),
    energy_unit_id bigint,
    CONSTRAINT ems_equipment_status_check CHECK (((status >= 0) AND (status <= 1)))
);


ALTER TABLE public.ems_equipment OWNER TO postgres;

--
-- Name: ems_equipment_id_seq; Type: SEQUENCE; Schema: public; Owner: postgres
--

ALTER TABLE public.ems_equipment ALTER COLUMN id ADD GENERATED BY DEFAULT AS IDENTITY (
    SEQUENCE NAME public.ems_equipment_id_seq
    START WITH 1
    INCREMENT BY 1
    NO MINVALUE
    NO MAXVALUE
    CACHE 1
);


--
-- Name: ems_gateway; Type: TABLE; Schema: public; Owner: postgres
--

CREATE TABLE public.ems_gateway (
    id bigint NOT NULL,
    created_at timestamp(6) without time zone,
    updated_at timestamp(6) without time zone,
    code character varying(50) NOT NULL,
    install_location character varying(300),
    ip_address character varying(50),
    last_heartbeat timestamp(6) without time zone,
    manufacturer character varying(255),
    model character varying(150),
    name character varying(150) NOT NULL,
    remark character varying(500),
    run_status character varying(20),
    status smallint NOT NULL,
    energy_unit_id bigint,
    cpu_usage double precision,
    mem_usage double precision,
    CONSTRAINT ems_gateway_status_check CHECK (((status >= 0) AND (status <= 1)))
);


ALTER TABLE public.ems_gateway OWNER TO postgres;

--
-- Name: ems_gateway_id_seq; Type: SEQUENCE; Schema: public; Owner: postgres
--

ALTER TABLE public.ems_gateway ALTER COLUMN id ADD GENERATED BY DEFAULT AS IDENTITY (
    SEQUENCE NAME public.ems_gateway_id_seq
    START WITH 1
    INCREMENT BY 1
    NO MINVALUE
    NO MAXVALUE
    CACHE 1
);


--
-- Name: ems_knowledge_article; Type: TABLE; Schema: public; Owner: postgres
--

CREATE TABLE public.ems_knowledge_article (
    id bigint NOT NULL,
    author character varying(50),
    category character varying(50),
    content text,
    energy_type_id bigint,
    sort_order integer,
    status smallint NOT NULL,
    summary character varying(500),
    title character varying(200) NOT NULL,
    view_count integer DEFAULT 0 NOT NULL,
    created_at timestamp(6) without time zone,
    updated_at timestamp(6) without time zone,
    CONSTRAINT ems_knowledge_article_status_check CHECK (((status >= 0) AND (status <= 1)))
);


ALTER TABLE public.ems_knowledge_article OWNER TO postgres;

--
-- Name: ems_knowledge_article_id_seq; Type: SEQUENCE; Schema: public; Owner: postgres
--

ALTER TABLE public.ems_knowledge_article ALTER COLUMN id ADD GENERATED BY DEFAULT AS IDENTITY (
    SEQUENCE NAME public.ems_knowledge_article_id_seq
    START WITH 1
    INCREMENT BY 1
    NO MINVALUE
    NO MAXVALUE
    CACHE 1
);


--
-- Name: ems_meter; Type: TABLE; Schema: public; Owner: postgres
--

CREATE TABLE public.ems_meter (
    id bigint NOT NULL,
    created_at timestamp(6) without time zone,
    updated_at timestamp(6) without time zone,
    check_cycle integer,
    code character varying(50) NOT NULL,
    location character varying(300),
    manufacturer character varying(255),
    max_power character varying(255),
    measure_range character varying(150),
    model_number character varying(150),
    name character varying(150) NOT NULL,
    person_charge character varying(200),
    putrun_time date,
    remark character varying(500),
    reminder_cycle integer,
    start_time date,
    status smallint NOT NULL,
    type character varying(20) NOT NULL,
    wire_diameter character varying(255),
    energy_type_id bigint,
    comm_params text,
    data_source_id bigint,
    equipment_id bigint,
    gateway_id bigint,
    energy_unit_id bigint,
    CONSTRAINT ems_meter_status_check CHECK (((status >= 0) AND (status <= 1)))
);


ALTER TABLE public.ems_meter OWNER TO postgres;

--
-- Name: ems_meter_id_seq; Type: SEQUENCE; Schema: public; Owner: postgres
--

ALTER TABLE public.ems_meter ALTER COLUMN id ADD GENERATED BY DEFAULT AS IDENTITY (
    SEQUENCE NAME public.ems_meter_id_seq
    START WITH 1
    INCREMENT BY 1
    NO MINVALUE
    NO MAXVALUE
    CACHE 1
);


--
-- Name: ems_meter_point; Type: TABLE; Schema: public; Owner: postgres
--

CREATE TABLE public.ems_meter_point (
    id bigint NOT NULL,
    created_at timestamp(6) without time zone,
    updated_at timestamp(6) without time zone,
    category character varying(20),
    code character varying(50) NOT NULL,
    initial_value numeric(15,4),
    max_value numeric(15,4),
    min_value numeric(15,4),
    name character varying(100) NOT NULL,
    point_type character varying(20) NOT NULL,
    remark character varying(500),
    sort_order integer,
    status smallint NOT NULL,
    step_max numeric(15,4),
    step_min numeric(15,4),
    unit character varying(20),
    energy_type_id bigint,
    meter_id bigint,
    acquisition_params text,
    measure_type character varying(20),
    CONSTRAINT ems_meter_point_status_check CHECK (((status >= 0) AND (status <= 1)))
);


ALTER TABLE public.ems_meter_point OWNER TO postgres;

--
-- Name: ems_meter_point_id_seq; Type: SEQUENCE; Schema: public; Owner: postgres
--

ALTER TABLE public.ems_meter_point ALTER COLUMN id ADD GENERATED BY DEFAULT AS IDENTITY (
    SEQUENCE NAME public.ems_meter_point_id_seq
    START WITH 1
    INCREMENT BY 1
    NO MINVALUE
    NO MAXVALUE
    CACHE 1
);


--
-- Name: ems_peak_valley_data; Type: TABLE; Schema: public; Owner: postgres
--

CREATE TABLE public.ems_peak_valley_data (
    id bigint NOT NULL,
    cost numeric(18,4),
    created_at timestamp(6) without time zone,
    data_time date NOT NULL,
    electricity numeric(18,4),
    energy_unit_id bigint,
    meter_point_id bigint NOT NULL,
    period_type character varying(20) NOT NULL,
    price numeric(10,4),
    time_type character varying(10) NOT NULL,
    CONSTRAINT ems_peak_valley_data_period_type_check CHECK (((period_type)::text = ANY ((ARRAY['SHARP'::character varying, 'PEAK'::character varying, 'FLAT'::character varying, 'VALLEY'::character varying, 'DEEP_VALLEY'::character varying])::text[])))
);


ALTER TABLE public.ems_peak_valley_data OWNER TO postgres;

--
-- Name: ems_peak_valley_data_id_seq; Type: SEQUENCE; Schema: public; Owner: postgres
--

ALTER TABLE public.ems_peak_valley_data ALTER COLUMN id ADD GENERATED BY DEFAULT AS IDENTITY (
    SEQUENCE NAME public.ems_peak_valley_data_id_seq
    START WITH 1
    INCREMENT BY 1
    NO MINVALUE
    NO MAXVALUE
    CACHE 1
);


--
-- Name: ems_policy; Type: TABLE; Schema: public; Owner: postgres
--

CREATE TABLE public.ems_policy (
    id bigint NOT NULL,
    title character varying(200) NOT NULL,
    type character varying(20) DEFAULT 'NATIONAL'::character varying,
    department character varying(100),
    issuing_date date,
    file_url character varying(500),
    summary text,
    status integer DEFAULT 0,
    remark character varying(500),
    created_at timestamp without time zone DEFAULT CURRENT_TIMESTAMP,
    updated_at timestamp without time zone DEFAULT CURRENT_TIMESTAMP
);


ALTER TABLE public.ems_policy OWNER TO postgres;

--
-- Name: ems_policy_id_seq; Type: SEQUENCE; Schema: public; Owner: postgres
--

CREATE SEQUENCE public.ems_policy_id_seq
    START WITH 1
    INCREMENT BY 1
    NO MINVALUE
    NO MAXVALUE
    CACHE 1;


ALTER SEQUENCE public.ems_policy_id_seq OWNER TO postgres;

--
-- Name: ems_policy_id_seq; Type: SEQUENCE OWNED BY; Schema: public; Owner: postgres
--

ALTER SEQUENCE public.ems_policy_id_seq OWNED BY public.ems_policy.id;


--
-- Name: ems_price_policy; Type: TABLE; Schema: public; Owner: postgres
--

CREATE TABLE public.ems_price_policy (
    id bigint NOT NULL,
    created_at timestamp(6) without time zone,
    updated_at timestamp(6) without time zone,
    code character varying(50) NOT NULL,
    is_multi_rate boolean,
    name character varying(100) NOT NULL,
    remark character varying(500),
    sort_order integer,
    status smallint,
    energy_type_id bigint DEFAULT 1,
    effective_end_date date,
    effective_start_date date,
    CONSTRAINT ems_price_policy_status_check CHECK (((status >= 0) AND (status <= 1)))
);


ALTER TABLE public.ems_price_policy OWNER TO postgres;

--
-- Name: ems_price_policy_id_seq; Type: SEQUENCE; Schema: public; Owner: postgres
--

ALTER TABLE public.ems_price_policy ALTER COLUMN id ADD GENERATED BY DEFAULT AS IDENTITY (
    SEQUENCE NAME public.ems_price_policy_id_seq
    START WITH 1
    INCREMENT BY 1
    NO MINVALUE
    NO MAXVALUE
    CACHE 1
);


--
-- Name: ems_price_policy_item; Type: TABLE; Schema: public; Owner: postgres
--

CREATE TABLE public.ems_price_policy_item (
    id bigint NOT NULL,
    created_at timestamp(6) without time zone,
    updated_at timestamp(6) without time zone,
    period_type character varying(20) NOT NULL,
    price numeric(10,4) NOT NULL,
    remark character varying(200),
    sort_order integer,
    policy_id bigint NOT NULL,
    end_time character varying(10),
    start_time character varying(10),
    CONSTRAINT ems_price_policy_item_period_type_check CHECK (((period_type)::text = ANY ((ARRAY['SHARP'::character varying, 'PEAK'::character varying, 'FLAT'::character varying, 'VALLEY'::character varying, 'DEEP'::character varying])::text[])))
);


ALTER TABLE public.ems_price_policy_item OWNER TO postgres;

--
-- Name: ems_price_policy_item_id_seq; Type: SEQUENCE; Schema: public; Owner: postgres
--

ALTER TABLE public.ems_price_policy_item ALTER COLUMN id ADD GENERATED BY DEFAULT AS IDENTITY (
    SEQUENCE NAME public.ems_price_policy_item_id_seq
    START WITH 1
    INCREMENT BY 1
    NO MINVALUE
    NO MAXVALUE
    CACHE 1
);


--
-- Name: ems_product; Type: TABLE; Schema: public; Owner: postgres
--

CREATE TABLE public.ems_product (
    id bigint NOT NULL,
    created_at timestamp(6) without time zone,
    updated_at timestamp(6) without time zone,
    code character varying(50) NOT NULL,
    name character varying(100) NOT NULL,
    remark character varying(500),
    sort_order integer,
    status smallint NOT NULL,
    type character varying(50),
    unit character varying(20),
    CONSTRAINT ems_product_status_check CHECK (((status >= 0) AND (status <= 1)))
);


ALTER TABLE public.ems_product OWNER TO postgres;

--
-- Name: ems_product_id_seq; Type: SEQUENCE; Schema: public; Owner: postgres
--

ALTER TABLE public.ems_product ALTER COLUMN id ADD GENERATED BY DEFAULT AS IDENTITY (
    SEQUENCE NAME public.ems_product_id_seq
    START WITH 1
    INCREMENT BY 1
    NO MINVALUE
    NO MAXVALUE
    CACHE 1
);


--
-- Name: ems_production_record; Type: TABLE; Schema: public; Owner: postgres
--

CREATE TABLE public.ems_production_record (
    id bigint NOT NULL,
    created_at timestamp(6) without time zone,
    updated_at timestamp(6) without time zone,
    energy_unit_id bigint NOT NULL,
    granularity character varying(20) NOT NULL,
    product_name character varying(100) NOT NULL,
    quantity numeric(18,4) NOT NULL,
    record_date timestamp without time zone NOT NULL,
    remark character varying(500),
    unit character varying(20),
    data_type character varying(10) NOT NULL,
    product_type character varying(50),
    CONSTRAINT ems_production_record_granularity_check CHECK (((granularity)::text = ANY ((ARRAY['HOUR'::character varying, 'DAY'::character varying, 'MONTH'::character varying, 'YEAR'::character varying])::text[])))
);


ALTER TABLE public.ems_production_record OWNER TO postgres;

--
-- Name: ems_production_record_id_seq; Type: SEQUENCE; Schema: public; Owner: postgres
--

ALTER TABLE public.ems_production_record ALTER COLUMN id ADD GENERATED BY DEFAULT AS IDENTITY (
    SEQUENCE NAME public.ems_production_record_id_seq
    START WITH 1
    INCREMENT BY 1
    NO MINVALUE
    NO MAXVALUE
    CACHE 1
);


--
-- Name: ems_time_period_price; Type: TABLE; Schema: public; Owner: postgres
--

CREATE TABLE public.ems_time_period_price (
    id bigint NOT NULL,
    created_at timestamp(6) without time zone,
    updated_at timestamp(6) without time zone,
    end_time time(6) without time zone NOT NULL,
    period_name character varying(50) NOT NULL,
    period_type character varying(20) NOT NULL,
    price numeric(10,4) NOT NULL,
    price_policy_id bigint,
    remark character varying(500),
    sort_order integer,
    start_time time(6) without time zone NOT NULL,
    status smallint,
    CONSTRAINT ems_time_period_price_period_type_check CHECK (((period_type)::text = ANY ((ARRAY['SHARP'::character varying, 'PEAK'::character varying, 'FLAT'::character varying, 'VALLEY'::character varying, 'DEEP_VALLEY'::character varying])::text[]))),
    CONSTRAINT ems_time_period_price_status_check CHECK (((status >= 0) AND (status <= 1)))
);


ALTER TABLE public.ems_time_period_price OWNER TO postgres;

--
-- Name: ems_time_period_price_id_seq; Type: SEQUENCE; Schema: public; Owner: postgres
--

ALTER TABLE public.ems_time_period_price ALTER COLUMN id ADD GENERATED BY DEFAULT AS IDENTITY (
    SEQUENCE NAME public.ems_time_period_price_id_seq
    START WITH 1
    INCREMENT BY 1
    NO MINVALUE
    NO MAXVALUE
    CACHE 1
);


--
-- Name: sys_config; Type: TABLE; Schema: public; Owner: postgres
--

CREATE TABLE public.sys_config (
    id bigint NOT NULL,
    created_at timestamp(6) without time zone,
    updated_at timestamp(6) without time zone,
    config_key character varying(100) NOT NULL,
    config_name character varying(100),
    config_type character varying(1),
    config_value character varying(500),
    remark character varying(500)
);


ALTER TABLE public.sys_config OWNER TO postgres;

--
-- Name: sys_config_id_seq; Type: SEQUENCE; Schema: public; Owner: postgres
--

ALTER TABLE public.sys_config ALTER COLUMN id ADD GENERATED BY DEFAULT AS IDENTITY (
    SEQUENCE NAME public.sys_config_id_seq
    START WITH 1
    INCREMENT BY 1
    NO MINVALUE
    NO MAXVALUE
    CACHE 1
);


--
-- Name: sys_dept; Type: TABLE; Schema: public; Owner: postgres
--

CREATE TABLE public.sys_dept (
    id bigint NOT NULL,
    created_at timestamp(6) without time zone,
    updated_at timestamp(6) without time zone,
    ancestors character varying(255),
    code character varying(32),
    email character varying(64),
    leader character varying(32),
    name character varying(64) NOT NULL,
    phone character varying(11),
    sort_order integer,
    status smallint NOT NULL,
    parent_id bigint,
    manager_id bigint,
    description character varying(512),
    CONSTRAINT sys_dept_status_check CHECK (((status >= 0) AND (status <= 1)))
);


ALTER TABLE public.sys_dept OWNER TO postgres;

--
-- Name: sys_dept_id_seq; Type: SEQUENCE; Schema: public; Owner: postgres
--

ALTER TABLE public.sys_dept ALTER COLUMN id ADD GENERATED BY DEFAULT AS IDENTITY (
    SEQUENCE NAME public.sys_dept_id_seq
    START WITH 1
    INCREMENT BY 1
    NO MINVALUE
    NO MAXVALUE
    CACHE 1
);


--
-- Name: sys_dict_data; Type: TABLE; Schema: public; Owner: postgres
--

CREATE TABLE public.sys_dict_data (
    id bigint NOT NULL,
    created_at timestamp(6) without time zone,
    updated_at timestamp(6) without time zone,
    is_default character varying(1),
    label character varying(100) NOT NULL,
    remark character varying(500),
    sort_order bigint,
    status character varying(1),
    tag_color character varying(100),
    tag_type character varying(100),
    type_code character varying(100) NOT NULL,
    value character varying(100) NOT NULL
);


ALTER TABLE public.sys_dict_data OWNER TO postgres;

--
-- Name: sys_dict_data_id_seq; Type: SEQUENCE; Schema: public; Owner: postgres
--

ALTER TABLE public.sys_dict_data ALTER COLUMN id ADD GENERATED BY DEFAULT AS IDENTITY (
    SEQUENCE NAME public.sys_dict_data_id_seq
    START WITH 1
    INCREMENT BY 1
    NO MINVALUE
    NO MAXVALUE
    CACHE 1
);


--
-- Name: sys_dict_type; Type: TABLE; Schema: public; Owner: postgres
--

CREATE TABLE public.sys_dict_type (
    id bigint NOT NULL,
    created_at timestamp(6) without time zone,
    updated_at timestamp(6) without time zone,
    name character varying(100) NOT NULL,
    remark character varying(500),
    status character varying(1),
    type character varying(100) NOT NULL
);


ALTER TABLE public.sys_dict_type OWNER TO postgres;

--
-- Name: sys_dict_type_id_seq; Type: SEQUENCE; Schema: public; Owner: postgres
--

ALTER TABLE public.sys_dict_type ALTER COLUMN id ADD GENERATED BY DEFAULT AS IDENTITY (
    SEQUENCE NAME public.sys_dict_type_id_seq
    START WITH 1
    INCREMENT BY 1
    NO MINVALUE
    NO MAXVALUE
    CACHE 1
);


--
-- Name: sys_log; Type: TABLE; Schema: public; Owner: postgres
--

CREATE TABLE public.sys_log (
    id bigint NOT NULL,
    created_at timestamp(6) without time zone,
    updated_at timestamp(6) without time zone,
    business_type integer,
    cost_time bigint,
    dept_name character varying(50),
    error_msg text,
    ip character varying(128),
    location character varying(255),
    log_type character varying(10) NOT NULL,
    method character varying(100),
    param text,
    request_method character varying(10),
    result text,
    status integer,
    title character varying(50),
    url character varying(255),
    username character varying(50)
);


ALTER TABLE public.sys_log OWNER TO postgres;

--
-- Name: sys_log_id_seq; Type: SEQUENCE; Schema: public; Owner: postgres
--

ALTER TABLE public.sys_log ALTER COLUMN id ADD GENERATED BY DEFAULT AS IDENTITY (
    SEQUENCE NAME public.sys_log_id_seq
    START WITH 1
    INCREMENT BY 1
    NO MINVALUE
    NO MAXVALUE
    CACHE 1
);


--
-- Name: sys_login_log; Type: TABLE; Schema: public; Owner: postgres
--

CREATE TABLE public.sys_login_log (
    id bigint NOT NULL,
    created_at timestamp(6) without time zone,
    updated_at timestamp(6) without time zone,
    browser character varying(50),
    ipaddr character varying(128),
    login_location character varying(255),
    login_time timestamp(6) without time zone,
    msg character varying(255),
    os character varying(50),
    status character varying(1),
    user_name character varying(50)
);


ALTER TABLE public.sys_login_log OWNER TO postgres;

--
-- Name: sys_login_log_id_seq; Type: SEQUENCE; Schema: public; Owner: postgres
--

ALTER TABLE public.sys_login_log ALTER COLUMN id ADD GENERATED BY DEFAULT AS IDENTITY (
    SEQUENCE NAME public.sys_login_log_id_seq
    START WITH 1
    INCREMENT BY 1
    NO MINVALUE
    NO MAXVALUE
    CACHE 1
);


--
-- Name: sys_menu; Type: TABLE; Schema: public; Owner: postgres
--

CREATE TABLE public.sys_menu (
    id bigint NOT NULL,
    created_at timestamp(6) without time zone,
    updated_at timestamp(6) without time zone,
    component character varying(255),
    icon character varying(100),
    menu_type character varying(1) NOT NULL,
    name character varying(50) NOT NULL,
    path character varying(200),
    permission_code character varying(100),
    sort_order integer,
    status smallint NOT NULL,
    visible character varying(1),
    parent_id bigint,
    CONSTRAINT sys_menu_status_check CHECK (((status >= 0) AND (status <= 1)))
);


ALTER TABLE public.sys_menu OWNER TO postgres;

--
-- Name: sys_menu_id_seq; Type: SEQUENCE; Schema: public; Owner: postgres
--

ALTER TABLE public.sys_menu ALTER COLUMN id ADD GENERATED BY DEFAULT AS IDENTITY (
    SEQUENCE NAME public.sys_menu_id_seq
    START WITH 1
    INCREMENT BY 1
    NO MINVALUE
    NO MAXVALUE
    CACHE 1
);


--
-- Name: sys_module; Type: TABLE; Schema: public; Owner: postgres
--

CREATE TABLE public.sys_module (
    id bigint NOT NULL,
    created_at timestamp(6) without time zone,
    updated_at timestamp(6) without time zone,
    code character varying(64) NOT NULL,
    name character varying(128) NOT NULL,
    sort_order integer
);


ALTER TABLE public.sys_module OWNER TO postgres;

--
-- Name: sys_module_id_seq; Type: SEQUENCE; Schema: public; Owner: postgres
--

ALTER TABLE public.sys_module ALTER COLUMN id ADD GENERATED BY DEFAULT AS IDENTITY (
    SEQUENCE NAME public.sys_module_id_seq
    START WITH 1
    INCREMENT BY 1
    NO MINVALUE
    NO MAXVALUE
    CACHE 1
);


--
-- Name: sys_notice; Type: TABLE; Schema: public; Owner: postgres
--

CREATE TABLE public.sys_notice (
    id bigint NOT NULL,
    created_at timestamp(6) without time zone,
    updated_at timestamp(6) without time zone,
    notice_content oid,
    notice_title character varying(50) NOT NULL,
    notice_type character varying(1) NOT NULL,
    remark character varying(255),
    status smallint NOT NULL,
    CONSTRAINT sys_notice_status_check CHECK (((status >= 0) AND (status <= 1)))
);


ALTER TABLE public.sys_notice OWNER TO postgres;

--
-- Name: sys_notice_id_seq; Type: SEQUENCE; Schema: public; Owner: postgres
--

ALTER TABLE public.sys_notice ALTER COLUMN id ADD GENERATED BY DEFAULT AS IDENTITY (
    SEQUENCE NAME public.sys_notice_id_seq
    START WITH 1
    INCREMENT BY 1
    NO MINVALUE
    NO MAXVALUE
    CACHE 1
);


--
-- Name: sys_operation_log; Type: TABLE; Schema: public; Owner: postgres
--

CREATE TABLE public.sys_operation_log (
    id bigint NOT NULL,
    created_at timestamp(6) without time zone,
    updated_at timestamp(6) without time zone,
    business_type integer,
    cost_time bigint,
    dept_name character varying(50),
    error_msg text,
    json_result text,
    method character varying(100),
    oper_ip character varying(128),
    oper_location character varying(255),
    oper_name character varying(50),
    oper_param text,
    oper_time timestamp(6) without time zone,
    oper_url character varying(255),
    operator_type integer,
    request_method character varying(10),
    status integer,
    title character varying(50),
    operation_ip character varying(128),
    operation_location character varying(255),
    operation_name character varying(50),
    operation_param text,
    operation_time timestamp(6) without time zone,
    operation_url character varying(255)
);


ALTER TABLE public.sys_operation_log OWNER TO postgres;

--
-- Name: sys_operation_log_id_seq; Type: SEQUENCE; Schema: public; Owner: postgres
--

ALTER TABLE public.sys_operation_log ALTER COLUMN id ADD GENERATED BY DEFAULT AS IDENTITY (
    SEQUENCE NAME public.sys_operation_log_id_seq
    START WITH 1
    INCREMENT BY 1
    NO MINVALUE
    NO MAXVALUE
    CACHE 1
);


--
-- Name: sys_permission; Type: TABLE; Schema: public; Owner: postgres
--

CREATE TABLE public.sys_permission (
    id bigint NOT NULL,
    created_at timestamp(6) without time zone,
    updated_at timestamp(6) without time zone,
    code character varying(64) NOT NULL,
    description character varying(500),
    name character varying(128) NOT NULL,
    super_permission boolean,
    module_id bigint
);


ALTER TABLE public.sys_permission OWNER TO postgres;

--
-- Name: sys_permission_id_seq; Type: SEQUENCE; Schema: public; Owner: postgres
--

ALTER TABLE public.sys_permission ALTER COLUMN id ADD GENERATED BY DEFAULT AS IDENTITY (
    SEQUENCE NAME public.sys_permission_id_seq
    START WITH 1
    INCREMENT BY 1
    NO MINVALUE
    NO MAXVALUE
    CACHE 1
);


--
-- Name: sys_post; Type: TABLE; Schema: public; Owner: postgres
--

CREATE TABLE public.sys_post (
    id bigint NOT NULL,
    created_at timestamp(6) without time zone,
    updated_at timestamp(6) without time zone,
    code character varying(64) NOT NULL,
    name character varying(64) NOT NULL,
    remark character varying(500),
    sort_order integer,
    status smallint NOT NULL,
    CONSTRAINT sys_post_status_check CHECK (((status >= 0) AND (status <= 1)))
);


ALTER TABLE public.sys_post OWNER TO postgres;

--
-- Name: sys_post_id_seq; Type: SEQUENCE; Schema: public; Owner: postgres
--

ALTER TABLE public.sys_post ALTER COLUMN id ADD GENERATED BY DEFAULT AS IDENTITY (
    SEQUENCE NAME public.sys_post_id_seq
    START WITH 1
    INCREMENT BY 1
    NO MINVALUE
    NO MAXVALUE
    CACHE 1
);


--
-- Name: sys_role; Type: TABLE; Schema: public; Owner: postgres
--

CREATE TABLE public.sys_role (
    id bigint NOT NULL,
    created_at timestamp(6) without time zone,
    updated_at timestamp(6) without time zone,
    code character varying(64) NOT NULL,
    member_count integer DEFAULT 0 NOT NULL,
    name character varying(128) NOT NULL,
    permission_count integer DEFAULT 0 NOT NULL,
    remark character varying(500),
    data_scope character varying(20),
    status smallint NOT NULL,
    CONSTRAINT sys_role_data_scope_check CHECK (((data_scope)::text = ANY ((ARRAY['ALL'::character varying, 'DEPT'::character varying, 'DEPT_AND_CHILD'::character varying, 'SELF'::character varying, 'CUSTOM'::character varying])::text[]))),
    CONSTRAINT sys_role_status_check CHECK (((status >= 0) AND (status <= 1)))
);


ALTER TABLE public.sys_role OWNER TO postgres;

--
-- Name: sys_role_dept; Type: TABLE; Schema: public; Owner: postgres
--

CREATE TABLE public.sys_role_dept (
    role_id bigint NOT NULL,
    dept_id bigint
);


ALTER TABLE public.sys_role_dept OWNER TO postgres;

--
-- Name: sys_role_id_seq; Type: SEQUENCE; Schema: public; Owner: postgres
--

ALTER TABLE public.sys_role ALTER COLUMN id ADD GENERATED BY DEFAULT AS IDENTITY (
    SEQUENCE NAME public.sys_role_id_seq
    START WITH 1
    INCREMENT BY 1
    NO MINVALUE
    NO MAXVALUE
    CACHE 1
);


--
-- Name: sys_role_permission; Type: TABLE; Schema: public; Owner: postgres
--

CREATE TABLE public.sys_role_permission (
    role_id bigint NOT NULL,
    permission_id bigint NOT NULL
);


ALTER TABLE public.sys_role_permission OWNER TO postgres;

--
-- Name: sys_user; Type: TABLE; Schema: public; Owner: postgres
--

CREATE TABLE public.sys_user (
    id bigint NOT NULL,
    created_at timestamp(6) without time zone,
    updated_at timestamp(6) without time zone,
    email character varying(128),
    nickname character varying(64),
    password character varying(128) NOT NULL,
    phone character varying(20),
    status integer NOT NULL,
    username character varying(64) NOT NULL,
    account_expire_at timestamp(6) without time zone,
    credentials_expire_at timestamp(6) without time zone,
    fail_login_count integer DEFAULT 0 NOT NULL,
    last_login_at timestamp(6) without time zone,
    avatar character varying(256),
    dept_id bigint,
    employee_no character varying(32),
    gender smallint,
    remark character varying(512),
    real_name character varying(64),
    super_admin boolean,
    CONSTRAINT sys_user_gender_check CHECK (((gender >= 0) AND (gender <= 2)))
);


ALTER TABLE public.sys_user OWNER TO postgres;

--
-- Name: sys_user_id_seq; Type: SEQUENCE; Schema: public; Owner: postgres
--

ALTER TABLE public.sys_user ALTER COLUMN id ADD GENERATED BY DEFAULT AS IDENTITY (
    SEQUENCE NAME public.sys_user_id_seq
    START WITH 1
    INCREMENT BY 1
    NO MINVALUE
    NO MAXVALUE
    CACHE 1
);


--
-- Name: sys_user_notice; Type: TABLE; Schema: public; Owner: postgres
--

CREATE TABLE public.sys_user_notice (
    id bigint NOT NULL,
    created_at timestamp(6) without time zone,
    updated_at timestamp(6) without time zone,
    notice_id bigint NOT NULL,
    read_time timestamp(6) without time zone,
    user_id bigint NOT NULL
);


ALTER TABLE public.sys_user_notice OWNER TO postgres;

--
-- Name: sys_user_notice_id_seq; Type: SEQUENCE; Schema: public; Owner: postgres
--

ALTER TABLE public.sys_user_notice ALTER COLUMN id ADD GENERATED BY DEFAULT AS IDENTITY (
    SEQUENCE NAME public.sys_user_notice_id_seq
    START WITH 1
    INCREMENT BY 1
    NO MINVALUE
    NO MAXVALUE
    CACHE 1
);


--
-- Name: sys_user_permission; Type: TABLE; Schema: public; Owner: postgres
--

CREATE TABLE public.sys_user_permission (
    user_id bigint NOT NULL,
    permission_id bigint NOT NULL
);


ALTER TABLE public.sys_user_permission OWNER TO postgres;

--
-- Name: sys_user_post; Type: TABLE; Schema: public; Owner: postgres
--

CREATE TABLE public.sys_user_post (
    user_id bigint NOT NULL,
    post_id bigint NOT NULL
);


ALTER TABLE public.sys_user_post OWNER TO postgres;

--
-- Name: sys_user_role; Type: TABLE; Schema: public; Owner: postgres
--

CREATE TABLE public.sys_user_role (
    user_id bigint NOT NULL,
    role_id bigint NOT NULL
);


ALTER TABLE public.sys_user_role OWNER TO postgres;

--
-- Name: ems_energy_saving_project id; Type: DEFAULT; Schema: public; Owner: postgres
--

ALTER TABLE ONLY public.ems_energy_saving_project ALTER COLUMN id SET DEFAULT nextval('public.ems_energy_saving_project_id_seq'::regclass);


--
-- Name: ems_policy id; Type: DEFAULT; Schema: public; Owner: postgres
--

ALTER TABLE ONLY public.ems_policy ALTER COLUMN id SET DEFAULT nextval('public.ems_policy_id_seq'::regclass);


--
-- Name: 32793..32839; Type: BLOB METADATA; Schema: -; Owner: postgres
--

SELECT pg_catalog.lo_create('32793');
SELECT pg_catalog.lo_create('32794');
SELECT pg_catalog.lo_create('32795');
SELECT pg_catalog.lo_create('32796');
SELECT pg_catalog.lo_create('32797');
SELECT pg_catalog.lo_create('32798');
SELECT pg_catalog.lo_create('32799');
SELECT pg_catalog.lo_create('32839');

ALTER LARGE OBJECT 32793 OWNER TO postgres;
ALTER LARGE OBJECT 32794 OWNER TO postgres;
ALTER LARGE OBJECT 32795 OWNER TO postgres;
ALTER LARGE OBJECT 32796 OWNER TO postgres;
ALTER LARGE OBJECT 32797 OWNER TO postgres;
ALTER LARGE OBJECT 32798 OWNER TO postgres;
ALTER LARGE OBJECT 32799 OWNER TO postgres;
ALTER LARGE OBJECT 32839 OWNER TO postgres;

--
-- Data for Name: ems_alarm_config; Type: TABLE DATA; Schema: public; Owner: postgres
--

COPY public.ems_alarm_config (id, created_at, updated_at, is_enabled, limit_value, meter_point_id, remark, limit_type_id) FROM stdin;
\.


--
-- Data for Name: ems_alarm_limit_type; Type: TABLE DATA; Schema: public; Owner: postgres
--

COPY public.ems_alarm_limit_type (id, created_at, updated_at, alarm_type, color_number, comparator_operator, limit_code, limit_name) FROM stdin;
\.


--
-- Data for Name: ems_alarm_record; Type: TABLE DATA; Schema: public; Owner: postgres
--

COPY public.ems_alarm_record (id, created_at, updated_at, handle_remark, handle_time, status, trigger_time, trigger_value, config_id) FROM stdin;
\.


--
-- Data for Name: ems_benchmark; Type: TABLE DATA; Schema: public; Owner: postgres
--

COPY public.ems_benchmark (id, created_at, updated_at, code, grade, name, national_num, remark, status, type, unit, value, energy_type_id) FROM stdin;
\.


--
-- Data for Name: ems_cost_policy_binding; Type: TABLE DATA; Schema: public; Owner: postgres
--

COPY public.ems_cost_policy_binding (id, created_at, updated_at, effective_end_date, effective_start_date, remark, status, energy_unit_id, price_policy_id) FROM stdin;
\.


--
-- Data for Name: ems_data_source; Type: TABLE DATA; Schema: public; Owner: postgres
--

COPY public.ems_data_source (id, created_at, updated_at, connection, last_seen_time, name, poll_interval_secs, protocol, remark, status, gateway_id) FROM stdin;
28	2026-03-22 12:43:38.741477	2026-03-22 12:43:38.741477	{"baudRate":9600,"dataBits":8,"stopBits":1,"parity":"NONE"}	\N	生产车间RS485-1	15	modbus-rtu	\N	0	23
29	2026-03-22 12:43:38.745857	2026-03-22 12:43:38.745857	{"baudRate":9600,"dataBits":8,"stopBits":1,"parity":"NONE"}	\N	生产车间RS485-2	60	modbus-rtu	\N	0	23
30	2026-03-22 12:43:38.877725	2026-03-22 12:43:38.877725	{"baudRate":9600,"dataBits":8,"stopBits":1,"parity":"NONE"}	\N	冷库RS485-1	15	modbus-rtu	\N	0	24
31	2026-03-22 12:43:38.919087	2026-03-22 12:43:38.919087	{"port":502}	\N	Modbus TCP	15	modbus-tcp	\N	0	25
32	2026-03-22 12:43:38.962657	2026-03-22 12:43:38.962657	{"port":502}	\N	Modbus TCP	15	modbus-tcp	\N	0	26
33	2026-03-22 12:43:38.977744	2026-03-22 12:43:38.977744	{"port":502}	\N	Modbus TCP	15	modbus-tcp	\N	0	27
\.


--
-- Data for Name: ems_energy_cost_record; Type: TABLE DATA; Schema: public; Owner: postgres
--

COPY public.ems_energy_cost_record (id, created_at, updated_at, consumption, cost, flat_consumption, peak_consumption, period_type, power_factor, record_date, remark, sharp_consumption, valley_consumption, energy_type_id, energy_unit_id) FROM stdin;
\.


--
-- Data for Name: ems_energy_data; Type: TABLE DATA; Schema: public; Owner: postgres
--

COPY public.ems_energy_data (id, created_at, data_time, time_type, value, energy_type_id, meter_point_id) FROM stdin;
591	2026-03-22 12:00:47.546566	2026-03-22 11:00:00	HOUR	226.5971	44	195
592	2026-03-22 12:00:47.548376	2026-03-22 11:00:00	HOUR	0.9442	44	199
593	2026-03-22 12:00:47.550087	2026-03-22 11:00:00	HOUR	98761.4854	44	224
594	2026-03-22 12:00:47.552745	2026-03-22 11:00:00	HOUR	45678.9640	46	207
587	2026-03-22 12:00:47.531932	2026-03-22 11:00:00	HOUR	567896.6185	44	213
588	2026-03-22 12:00:47.539994	2026-03-22 11:00:00	HOUR	29.1424	44	227
589	2026-03-22 12:00:47.542511	2026-03-22 11:00:00	HOUR	12340.3977	46	229
590	2026-03-22 12:00:47.544634	2026-03-22 11:00:00	HOUR	23456.3977	45	200
582	2026-03-22 12:00:47.52188	2026-03-22 11:00:00	HOUR	306.4542	44	197
583	2026-03-22 12:00:47.524386	2026-03-22 11:00:00	HOUR	234566.4926	44	203
584	2026-03-22 12:00:47.526131	2026-03-22 11:00:00	HOUR	50.3932	44	206
585	2026-03-22 12:00:47.528214	2026-03-22 11:00:00	HOUR	62.8911	44	214
586	2026-03-22 12:00:47.529923	2026-03-22 11:00:00	HOUR	289673.7541	44	212
569	2026-03-22 12:00:47.481436	2026-03-22 11:00:00	HOUR	12.0484	44	225
577	2026-03-22 12:00:47.502503	2026-03-22 11:00:00	HOUR	215.2400	44	198
578	2026-03-22 12:00:47.510296	2026-03-22 11:00:00	HOUR	16.7768	44	209
579	2026-03-22 12:00:47.51333	2026-03-22 11:00:00	HOUR	312453.7508	44	210
570	2026-03-22 12:00:47.484375	2026-03-22 11:00:00	HOUR	225.5208	44	196
571	2026-03-22 12:00:47.488975	2026-03-22 11:00:00	HOUR	125684.4571	44	201
572	2026-03-22 12:00:47.492185	2026-03-22 11:00:00	HOUR	34.6834	44	202
573	2026-03-22 12:00:47.494556	2026-03-22 11:00:00	HOUR	50.4650	44	204
574	2026-03-22 12:00:47.496767	2026-03-22 11:00:00	HOUR	67892.0218	44	208
575	2026-03-22 12:00:47.498416	2026-03-22 11:00:00	HOUR	156783.3352	44	226
576	2026-03-22 12:00:47.500173	2026-03-22 11:00:00	HOUR	34561.2190	44	228
580	2026-03-22 12:00:47.516804	2026-03-22 11:00:00	HOUR	856258.3825	44	193
581	2026-03-22 12:00:47.519205	2026-03-22 11:00:00	HOUR	227.4842	44	194
567	2026-03-22 12:00:47.417191	2026-03-22 11:00:00	HOUR	198326.0506	44	205
568	2026-03-22 12:00:47.477319	2026-03-22 11:00:00	HOUR	35.9195	44	211
598	2026-03-22 13:00:47.353455	2026-03-22 12:00:00	HOUR	45683.6000	46	207
604	2026-03-22 13:00:47.361734	2026-03-22 12:00:00	HOUR	198356.7959	44	205
605	2026-03-22 13:00:47.363315	2026-03-22 12:00:00	HOUR	36.1468	44	211
610	2026-03-22 13:00:47.368083	2026-03-22 12:00:00	HOUR	225.5513	44	196
611	2026-03-22 13:00:47.368914	2026-03-22 12:00:00	HOUR	125707.0683	44	201
612	2026-03-22 13:00:47.369835	2026-03-22 12:00:00	HOUR	20.4172	44	202
613	2026-03-22 13:00:47.370694	2026-03-22 12:00:00	HOUR	30.1812	44	204
614	2026-03-22 13:00:47.372077	2026-03-22 12:00:00	HOUR	67902.5513	44	208
615	2026-03-22 13:00:47.372996	2026-03-22 12:00:00	HOUR	156806.0927	44	226
616	2026-03-22 13:00:47.373796	2026-03-22 12:00:00	HOUR	34567.1246	44	228
606	2026-03-22 13:00:47.364284	2026-03-22 12:00:00	HOUR	567941.5488	44	213
607	2026-03-22 13:00:47.365254	2026-03-22 12:00:00	HOUR	29.4358	44	227
608	2026-03-22 13:00:47.366071	2026-03-22 12:00:00	HOUR	12342.2436	46	229
609	2026-03-22 13:00:47.366902	2026-03-22 12:00:00	HOUR	23458.3147	45	200
619	2026-03-22 13:00:47.378323	2026-03-22 12:00:00	HOUR	149.2488	44	198
620	2026-03-22 13:00:47.379462	2026-03-22 12:00:00	HOUR	9.8712	44	209
621	2026-03-22 13:00:47.38043	2026-03-22 12:00:00	HOUR	312479.3940	44	210
622	2026-03-22 13:00:47.381677	2026-03-22 12:00:00	HOUR	8.2516	44	225
637	2026-03-22 14:00:47.3506	2026-03-22 13:00:00	HOUR	225.5320	44	196
599	2026-03-22 13:00:47.354578	2026-03-22 12:00:00	HOUR	211.8260	44	197
600	2026-03-22 13:00:47.35575	2026-03-22 12:00:00	HOUR	234600.1885	44	203
601	2026-03-22 13:00:47.357405	2026-03-22 12:00:00	HOUR	30.4859	44	206
602	2026-03-22 13:00:47.358827	2026-03-22 12:00:00	HOUR	62.9773	44	214
603	2026-03-22 13:00:47.360754	2026-03-22 12:00:00	HOUR	289699.4451	44	212
617	2026-03-22 13:00:47.37458	2026-03-22 12:00:00	HOUR	856398.7942	44	193
618	2026-03-22 13:00:47.375679	2026-03-22 12:00:00	HOUR	227.4776	44	194
595	2026-03-22 13:00:47.343998	2026-03-22 12:00:00	HOUR	226.5770	44	195
596	2026-03-22 13:00:47.351029	2026-03-22 12:00:00	HOUR	0.9438	44	199
597	2026-03-22 13:00:47.352468	2026-03-22 12:00:00	HOUR	98768.8096	44	224
643	2026-03-22 14:00:47.356912	2026-03-22 13:00:00	HOUR	34578.6771	44	228
630	2026-03-22 14:00:47.344567	2026-03-22 13:00:00	HOUR	23462.0985	45	200
635	2026-03-22 14:00:47.34901	2026-03-22 13:00:00	HOUR	198416.1825	44	205
640	2026-03-22 14:00:47.353803	2026-03-22 13:00:00	HOUR	47.6460	44	204
650	2026-03-22 14:00:47.363473	2026-03-22 13:00:00	HOUR	227.5057	44	194
649	2026-03-22 14:00:47.362572	2026-03-22 13:00:00	HOUR	856671.6314	44	193
633	2026-03-22 14:00:47.347666	2026-03-22 13:00:00	HOUR	98782.8530	44	224
638	2026-03-22 14:00:47.351842	2026-03-22 13:00:00	HOUR	125750.4919	44	201
624	2026-03-22 14:00:47.337454	2026-03-22 13:00:00	HOUR	207.3091	44	198
625	2026-03-22 14:00:47.338589	2026-03-22 13:00:00	HOUR	15.7551	44	209
639	2026-03-22 14:00:47.352771	2026-03-22 13:00:00	HOUR	32.5102	44	202
626	2026-03-22 14:00:47.339415	2026-03-22 13:00:00	HOUR	312523.6981	44	210
648	2026-03-22 14:00:47.361745	2026-03-22 13:00:00	HOUR	289743.6430	44	212
636	2026-03-22 14:00:47.349819	2026-03-22 13:00:00	HOUR	35.7141	44	211
646	2026-03-22 14:00:47.360163	2026-03-22 13:00:00	HOUR	48.1274	44	206
634	2026-03-22 14:00:47.348376	2026-03-22 13:00:00	HOUR	45692.7358	46	207
641	2026-03-22 14:00:47.354794	2026-03-22 13:00:00	HOUR	67922.6661	44	208
644	2026-03-22 14:00:47.358213	2026-03-22 13:00:00	HOUR	289.1646	44	197
647	2026-03-22 14:00:47.360992	2026-03-22 13:00:00	HOUR	62.8056	44	214
623	2026-03-22 14:00:47.332289	2026-03-22 13:00:00	HOUR	11.1885	44	225
645	2026-03-22 14:00:47.35913	2026-03-22 13:00:00	HOUR	234664.4698	44	203
628	2026-03-22 14:00:47.341466	2026-03-22 13:00:00	HOUR	29.3092	44	227
627	2026-03-22 14:00:47.340477	2026-03-22 13:00:00	HOUR	568019.1224	44	213
631	2026-03-22 14:00:47.34581	2026-03-22 13:00:00	HOUR	226.5961	44	195
642	2026-03-22 14:00:47.355951	2026-03-22 13:00:00	HOUR	156845.2524	44	226
632	2026-03-22 14:00:47.346863	2026-03-22 13:00:00	HOUR	0.9438	44	199
629	2026-03-22 14:00:47.342274	2026-03-22 13:00:00	HOUR	12345.9365	46	229
652	2026-03-22 15:00:47.340857	2026-03-22 14:00:00	HOUR	227.5240	44	194
654	2026-03-22 15:00:47.343088	2026-03-22 14:00:00	HOUR	15.7691	44	209
656	2026-03-22 15:00:47.345461	2026-03-22 14:00:00	HOUR	225.5252	44	196
655	2026-03-22 15:00:47.344105	2026-03-22 14:00:00	HOUR	312567.1992	44	210
657	2026-03-22 15:00:47.346742	2026-03-22 14:00:00	HOUR	125800.3641	44	201
658	2026-03-22 15:00:47.347559	2026-03-22 14:00:00	HOUR	32.3203	44	202
651	2026-03-22 15:00:47.334737	2026-03-22 14:00:00	HOUR	856987.8391	44	193
663	2026-03-22 15:00:47.352245	2026-03-22 14:00:00	HOUR	198484.3014	44	205
664	2026-03-22 15:00:47.352932	2026-03-22 14:00:00	HOUR	34.3372	44	211
665	2026-03-22 15:00:47.353736	2026-03-22 14:00:00	HOUR	226.5963	44	195
666	2026-03-22 15:00:47.354559	2026-03-22 14:00:00	HOUR	0.9439	44	199
667	2026-03-22 15:00:47.355489	2026-03-22 14:00:00	HOUR	98798.8283	44	224
668	2026-03-22 15:00:47.356351	2026-03-22 14:00:00	HOUR	45703.5254	46	207
670	2026-03-22 15:00:47.358434	2026-03-22 14:00:00	HOUR	290.6077	44	197
671	2026-03-22 15:00:47.359319	2026-03-22 14:00:00	HOUR	234737.5739	44	203
672	2026-03-22 15:00:47.360179	2026-03-22 14:00:00	HOUR	48.3799	44	206
673	2026-03-22 15:00:47.36094	2026-03-22 14:00:00	HOUR	62.8626	44	214
674	2026-03-22 15:00:47.361698	2026-03-22 14:00:00	HOUR	289787.1542	44	212
675	2026-03-22 15:00:47.362363	2026-03-22 14:00:00	HOUR	568096.6059	44	213
676	2026-03-22 15:00:47.363354	2026-03-22 14:00:00	HOUR	28.3956	44	227
677	2026-03-22 15:00:47.364165	2026-03-22 14:00:00	HOUR	12350.3680	46	229
678	2026-03-22 15:00:47.364838	2026-03-22 14:00:00	HOUR	23466.5674	45	200
669	2026-03-22 15:00:47.357493	2026-03-22 14:00:00	HOUR	11.2854	44	225
653	2026-03-22 15:00:47.342239	2026-03-22 14:00:00	HOUR	208.4074	44	198
659	2026-03-22 15:00:47.348316	2026-03-22 14:00:00	HOUR	47.9016	44	204
660	2026-03-22 15:00:47.349133	2026-03-22 14:00:00	HOUR	67945.5120	44	208
661	2026-03-22 15:00:47.350711	2026-03-22 14:00:00	HOUR	156883.6163	44	226
662	2026-03-22 15:00:47.351479	2026-03-22 14:00:00	HOUR	34592.1697	44	228
689	2026-03-22 16:00:47.347968	2026-03-22 15:00:00	HOUR	198552.2127	44	205
690	2026-03-22 16:00:47.349113	2026-03-22 15:00:00	HOUR	31.3032	44	211
691	2026-03-22 16:00:47.349788	2026-03-22 15:00:00	HOUR	11.3011	44	225
692	2026-03-22 16:00:47.350449	2026-03-22 15:00:00	HOUR	226.5780	44	195
693	2026-03-22 16:00:47.351164	2026-03-22 15:00:00	HOUR	0.9435	44	199
694	2026-03-22 16:00:47.353193	2026-03-22 15:00:00	HOUR	98814.8862	44	224
695	2026-03-22 16:00:47.35443	2026-03-22 15:00:00	HOUR	45714.2785	46	207
682	2026-03-22 16:00:47.342035	2026-03-22 15:00:00	HOUR	225.5530	44	196
683	2026-03-22 16:00:47.342736	2026-03-22 15:00:00	HOUR	125850.3957	44	201
684	2026-03-22 16:00:47.343423	2026-03-22 15:00:00	HOUR	32.4070	44	202
685	2026-03-22 16:00:47.344176	2026-03-22 15:00:00	HOUR	48.3902	44	204
686	2026-03-22 16:00:47.345072	2026-03-22 15:00:00	HOUR	67968.3120	44	208
687	2026-03-22 16:00:47.346134	2026-03-22 15:00:00	HOUR	156920.0837	44	226
724	2026-03-22 17:00:47.357946	2026-03-22 16:00:00	HOUR	67991.1735	44	208
712	2026-03-22 17:00:47.348908	2026-03-22 16:00:00	HOUR	289868.0120	44	212
707	2026-03-22 17:00:47.337149	2026-03-22 16:00:00	HOUR	11.2776	44	225
731	2026-03-22 17:00:47.363436	2026-03-22 16:00:00	HOUR	198620.2442	44	205
732	2026-03-22 17:00:47.36418	2026-03-22 16:00:00	HOUR	27.7572	44	211
725	2026-03-22 17:00:47.358754	2026-03-22 16:00:00	HOUR	156953.5987	44	226
726	2026-03-22 17:00:47.359433	2026-03-22 16:00:00	HOUR	34619.1875	44	228
688	2026-03-22 16:00:47.347129	2026-03-22 15:00:00	HOUR	34605.6566	44	228
701	2026-03-22 16:00:47.359601	2026-03-22 15:00:00	HOUR	568174.0946	44	213
702	2026-03-22 16:00:47.360394	2026-03-22 15:00:00	HOUR	26.3643	44	227
703	2026-03-22 16:00:47.361468	2026-03-22 15:00:00	HOUR	12354.7993	46	229
704	2026-03-22 16:00:47.362125	2026-03-22 15:00:00	HOUR	23471.0343	45	200
705	2026-03-22 16:00:47.362806	2026-03-22 15:00:00	HOUR	857303.8106	44	193
706	2026-03-22 16:00:47.363427	2026-03-22 15:00:00	HOUR	227.4344	44	194
696	2026-03-22 16:00:47.355272	2026-03-22 15:00:00	HOUR	289.1771	44	197
697	2026-03-22 16:00:47.355998	2026-03-22 15:00:00	HOUR	234810.5531	44	203
698	2026-03-22 16:00:47.356948	2026-03-22 15:00:00	HOUR	48.1839	44	206
699	2026-03-22 16:00:47.357834	2026-03-22 15:00:00	HOUR	62.9031	44	214
700	2026-03-22 16:00:47.358727	2026-03-22 15:00:00	HOUR	289828.9596	44	212
679	2026-03-22 16:00:47.334783	2026-03-22 15:00:00	HOUR	207.7527	44	198
680	2026-03-22 16:00:47.340203	2026-03-22 15:00:00	HOUR	15.7486	44	209
681	2026-03-22 16:00:47.341141	2026-03-22 15:00:00	HOUR	312609.0410	44	210
727	2026-03-22 17:00:47.360167	2026-03-22 16:00:00	HOUR	568251.6199	44	213
716	2026-03-22 17:00:47.352408	2026-03-22 16:00:00	HOUR	45725.0177	46	207
713	2026-03-22 17:00:47.349734	2026-03-22 16:00:00	HOUR	226.5715	44	195
717	2026-03-22 17:00:47.353182	2026-03-22 16:00:00	HOUR	207.0538	44	198
733	2026-03-22 17:00:47.364879	2026-03-22 16:00:00	HOUR	857619.2780	44	193
734	2026-03-22 17:00:47.365662	2026-03-22 16:00:00	HOUR	227.4860	44	194
718	2026-03-22 17:00:47.353846	2026-03-22 16:00:00	HOUR	15.7189	44	209
719	2026-03-22 17:00:47.354485	2026-03-22 16:00:00	HOUR	312648.1416	44	210
720	2026-03-22 17:00:47.355276	2026-03-22 16:00:00	HOUR	225.5598	44	196
728	2026-03-22 17:00:47.361032	2026-03-22 16:00:00	HOUR	23.7447	44	227
721	2026-03-22 17:00:47.355878	2026-03-22 16:00:00	HOUR	125900.4608	44	201
708	2026-03-22 17:00:47.34456	2026-03-22 16:00:00	HOUR	289.8050	44	197
722	2026-03-22 17:00:47.356447	2026-03-22 16:00:00	HOUR	32.4618	44	202
729	2026-03-22 17:00:47.361909	2026-03-22 16:00:00	HOUR	12359.2268	46	229
714	2026-03-22 17:00:47.350508	2026-03-22 16:00:00	HOUR	0.9440	44	199
723	2026-03-22 17:00:47.357094	2026-03-22 16:00:00	HOUR	48.1506	44	204
709	2026-03-22 17:00:47.346066	2026-03-22 16:00:00	HOUR	234883.6236	44	203
710	2026-03-22 17:00:47.347061	2026-03-22 16:00:00	HOUR	48.3809	44	206
730	2026-03-22 17:00:47.362655	2026-03-22 16:00:00	HOUR	23475.5147	45	200
715	2026-03-22 17:00:47.351218	2026-03-22 16:00:00	HOUR	98830.9159	44	224
711	2026-03-22 17:00:47.347872	2026-03-22 16:00:00	HOUR	63.1302	44	214
746	2026-03-22 18:00:47.352188	2026-03-22 17:00:00	HOUR	32.1925	44	202
745	2026-03-22 18:00:47.351543	2026-03-22 17:00:00	HOUR	125950.4666	44	201
747	2026-03-22 18:00:47.354736	2026-03-22 17:00:00	HOUR	47.9509	44	204
741	2026-03-22 18:00:47.348404	2026-03-22 17:00:00	HOUR	48.2225	44	206
736	2026-03-22 18:00:47.344814	2026-03-22 17:00:00	HOUR	0.9439	44	199
737	2026-03-22 18:00:47.345652	2026-03-22 17:00:00	HOUR	98846.9027	44	224
749	2026-03-22 18:00:47.356047	2026-03-22 17:00:00	HOUR	156983.7699	44	226
739	2026-03-22 18:00:47.347099	2026-03-22 17:00:00	HOUR	290.8005	44	197
743	2026-03-22 18:00:47.349786	2026-03-22 17:00:00	HOUR	289903.7943	44	212
750	2026-03-22 18:00:47.356694	2026-03-22 17:00:00	HOUR	34632.7259	44	228
742	2026-03-22 18:00:47.348931	2026-03-22 17:00:00	HOUR	63.0075	44	214
738	2026-03-22 18:00:47.346332	2026-03-22 17:00:00	HOUR	45735.7583	46	207
740	2026-03-22 18:00:47.347811	2026-03-22 17:00:00	HOUR	234956.9053	44	203
744	2026-03-22 18:00:47.350881	2026-03-22 17:00:00	HOUR	225.5527	44	196
760	2026-03-22 18:00:47.366119	2026-03-22 17:00:00	HOUR	11.1902	44	225
751	2026-03-22 18:00:47.357382	2026-03-22 17:00:00	HOUR	857934.8753	44	193
752	2026-03-22 18:00:47.358519	2026-03-22 17:00:00	HOUR	227.5155	44	194
761	2026-03-22 18:00:47.366953	2026-03-22 17:00:00	HOUR	198688.4415	44	205
762	2026-03-22 18:00:47.367671	2026-03-22 17:00:00	HOUR	23.1715	44	211
771	2026-03-22 19:00:47.351546	2026-03-22 18:00:00	HOUR	6.2710	44	209
772	2026-03-22 19:00:47.352125	2026-03-22 18:00:00	HOUR	312715.7490	44	210
767	2026-03-22 19:00:47.348256	2026-03-22 18:00:00	HOUR	858179.9840	44	193
768	2026-03-22 19:00:47.348975	2026-03-22 18:00:00	HOUR	227.5010	44	194
808	2026-03-22 20:00:47.364456	2026-03-22 19:00:00	HOUR	12368.9663	46	229
796	2026-03-22 20:00:47.355646	2026-03-22 19:00:00	HOUR	5.5819	44	225
777	2026-03-22 19:00:47.355337	2026-03-22 18:00:00	HOUR	198742.1018	44	205
778	2026-03-22 19:00:47.355911	2026-03-22 18:00:00	HOUR	18.6561	44	211
779	2026-03-22 19:00:47.356481	2026-03-22 18:00:00	HOUR	225.5521	44	196
780	2026-03-22 19:00:47.357041	2026-03-22 18:00:00	HOUR	125989.8903	44	201
781	2026-03-22 19:00:47.3577	2026-03-22 18:00:00	HOUR	12.7723	44	202
782	2026-03-22 19:00:47.358433	2026-03-22 18:00:00	HOUR	19.2706	44	204
783	2026-03-22 19:00:47.359136	2026-03-22 18:00:00	HOUR	68032.4751	44	208
784	2026-03-22 19:00:47.359703	2026-03-22 18:00:00	HOUR	157009.7977	44	226
785	2026-03-22 19:00:47.36031	2026-03-22 18:00:00	HOUR	34643.1114	44	228
769	2026-03-22 19:00:47.349994	2026-03-22 18:00:00	HOUR	5.5785	44	225
763	2026-03-22 19:00:47.339836	2026-03-22 18:00:00	HOUR	226.5948	44	195
764	2026-03-22 19:00:47.34556	2026-03-22 18:00:00	HOUR	0.9442	44	199
765	2026-03-22 19:00:47.346546	2026-03-22 18:00:00	HOUR	98859.1058	44	224
766	2026-03-22 19:00:47.347428	2026-03-22 18:00:00	HOUR	45743.8908	46	207
773	2026-03-22 19:00:47.352866	2026-03-22 18:00:00	HOUR	568406.4907	44	213
774	2026-03-22 19:00:47.353477	2026-03-22 18:00:00	HOUR	17.5643	44	227
748	2026-03-22 18:00:47.355453	2026-03-22 17:00:00	HOUR	68014.0859	44	208
735	2026-03-22 18:00:47.338609	2026-03-22 17:00:00	HOUR	226.5860	44	195
756	2026-03-22 18:00:47.361487	2026-03-22 17:00:00	HOUR	568329.0431	44	213
757	2026-03-22 18:00:47.362134	2026-03-22 17:00:00	HOUR	20.5577	44	227
758	2026-03-22 18:00:47.362836	2026-03-22 17:00:00	HOUR	12363.6519	46	229
759	2026-03-22 18:00:47.365285	2026-03-22 17:00:00	HOUR	23479.9791	45	200
753	2026-03-22 18:00:47.359318	2026-03-22 17:00:00	HOUR	207.6974	44	198
754	2026-03-22 18:00:47.359952	2026-03-22 17:00:00	HOUR	15.7782	44	209
755	2026-03-22 18:00:47.360634	2026-03-22 17:00:00	HOUR	312683.8565	44	210
775	2026-03-22 19:00:47.354152	2026-03-22 18:00:00	HOUR	12366.8970	46	229
776	2026-03-22 19:00:47.354741	2026-03-22 18:00:00	HOUR	23483.3534	45	200
786	2026-03-22 19:00:47.36086	2026-03-22 18:00:00	HOUR	164.5390	44	197
787	2026-03-22 19:00:47.361466	2026-03-22 18:00:00	HOUR	235015.5699	44	203
788	2026-03-22 19:00:47.362039	2026-03-22 18:00:00	HOUR	19.3128	44	206
809	2026-03-22 20:00:47.367145	2026-03-22 19:00:00	HOUR	23485.6070	45	200
817	2026-03-22 20:00:47.372234	2026-03-22 19:00:00	HOUR	858354.4996	44	193
818	2026-03-22 20:00:47.372796	2026-03-22 19:00:00	HOUR	227.4986	44	194
789	2026-03-22 19:00:47.362645	2026-03-22 18:00:00	HOUR	63.0656	44	214
790	2026-03-22 19:00:47.363252	2026-03-22 18:00:00	HOUR	289935.6549	44	212
770	2026-03-22 19:00:47.35091	2026-03-22 18:00:00	HOUR	112.6151	44	198
814	2026-03-22 20:00:47.370251	2026-03-22 19:00:00	HOUR	112.9169	44	198
815	2026-03-22 20:00:47.370786	2026-03-22 19:00:00	HOUR	6.3770	44	209
816	2026-03-22 20:00:47.371445	2026-03-22 19:00:00	HOUR	312743.7630	44	210
799	2026-03-22 20:00:47.358606	2026-03-22 19:00:00	HOUR	225.5744	44	196
791	2026-03-22 20:00:47.344435	2026-03-22 19:00:00	HOUR	164.3330	44	197
792	2026-03-22 20:00:47.351129	2026-03-22 19:00:00	HOUR	235059.9710	44	203
793	2026-03-22 20:00:47.352047	2026-03-22 19:00:00	HOUR	19.3295	44	206
800	2026-03-22 20:00:47.359442	2026-03-22 19:00:00	HOUR	126018.8731	44	201
801	2026-03-22 20:00:47.360084	2026-03-22 19:00:00	HOUR	13.0436	44	202
802	2026-03-22 20:00:47.360638	2026-03-22 19:00:00	HOUR	19.1765	44	204
803	2026-03-22 20:00:47.361235	2026-03-22 19:00:00	HOUR	68046.4673	44	208
794	2026-03-22 20:00:47.353279	2026-03-22 19:00:00	HOUR	62.9095	44	214
795	2026-03-22 20:00:47.354427	2026-03-22 19:00:00	HOUR	289963.7914	44	212
810	2026-03-22 20:00:47.367827	2026-03-22 19:00:00	HOUR	226.5765	44	195
811	2026-03-22 20:00:47.368552	2026-03-22 19:00:00	HOUR	0.9434	44	199
797	2026-03-22 20:00:47.35677	2026-03-22 19:00:00	HOUR	198781.3519	44	205
798	2026-03-22 20:00:47.357814	2026-03-22 19:00:00	HOUR	13.6633	44	211
812	2026-03-22 20:00:47.369158	2026-03-22 19:00:00	HOUR	98867.5995	44	224
813	2026-03-22 20:00:47.369707	2026-03-22 19:00:00	HOUR	45749.4204	46	207
804	2026-03-22 20:00:47.361805	2026-03-22 19:00:00	HOUR	157031.7937	44	226
805	2026-03-22 20:00:47.362342	2026-03-22 19:00:00	HOUR	34650.3231	44	228
806	2026-03-22 20:00:47.362867	2026-03-22 19:00:00	HOUR	568483.9921	44	213
807	2026-03-22 20:00:47.363674	2026-03-22 19:00:00	HOUR	14.2953	44	227
841	2026-03-22 21:00:47.361389	2026-03-22 20:00:00	HOUR	11.4235	44	227
833	2026-03-22 21:00:47.356515	2026-03-22 20:00:00	HOUR	68060.4123	44	208
827	2026-03-22 21:00:47.352072	2026-03-22 20:00:00	HOUR	62.8998	44	214
828	2026-03-22 21:00:47.35291	2026-03-22 20:00:00	HOUR	289988.2241	44	212
838	2026-03-22 21:00:47.359718	2026-03-22 20:00:00	HOUR	198820.5782	44	205
832	2026-03-22 21:00:47.355716	2026-03-22 20:00:00	HOUR	19.0650	44	204
829	2026-03-22 21:00:47.353537	2026-03-22 20:00:00	HOUR	225.5536	44	196
840	2026-03-22 21:00:47.360786	2026-03-22 20:00:00	HOUR	568561.5336	44	213
830	2026-03-22 21:00:47.354168	2026-03-22 20:00:00	HOUR	126047.7876	44	201
819	2026-03-22 21:00:47.33936	2026-03-22 20:00:00	HOUR	226.6029	44	195
834	2026-03-22 21:00:47.357175	2026-03-22 20:00:00	HOUR	157049.6754	44	226
835	2026-03-22 21:00:47.3577	2026-03-22 20:00:00	HOUR	34657.5359	44	228
824	2026-03-22 21:00:47.349574	2026-03-22 20:00:00	HOUR	163.1646	44	197
826	2026-03-22 21:00:47.3513	2026-03-22 20:00:00	HOUR	19.3976	44	206
836	2026-03-22 21:00:47.358359	2026-03-22 20:00:00	HOUR	858528.1850	44	193
820	2026-03-22 21:00:47.344546	2026-03-22 20:00:00	HOUR	0.9437	44	199
822	2026-03-22 21:00:47.34702	2026-03-22 20:00:00	HOUR	45754.9414	46	207
825	2026-03-22 21:00:47.350591	2026-03-22 20:00:00	HOUR	235104.2792	44	203
839	2026-03-22 21:00:47.360258	2026-03-22 20:00:00	HOUR	9.4550	44	211
831	2026-03-22 21:00:47.355092	2026-03-22 20:00:00	HOUR	13.0552	44	202
837	2026-03-22 21:00:47.358954	2026-03-22 20:00:00	HOUR	227.4938	44	194
847	2026-03-22 22:00:47.341232	2026-03-22 21:00:00	HOUR	3.5975	44	225
862	2026-03-22 22:00:47.358089	2026-03-22 21:00:00	HOUR	198859.7480	44	205
863	2026-03-22 22:00:47.358698	2026-03-22 21:00:00	HOUR	5.3469	44	211
852	2026-03-22 22:00:47.350928	2026-03-22 21:00:00	HOUR	164.4767	44	197
853	2026-03-22 22:00:47.35204	2026-03-22 21:00:00	HOUR	235148.4950	44	203
854	2026-03-22 22:00:47.352735	2026-03-22 21:00:00	HOUR	19.1865	44	206
855	2026-03-22 22:00:47.353372	2026-03-22 21:00:00	HOUR	63.0721	44	214
856	2026-03-22 22:00:47.353988	2026-03-22 21:00:00	HOUR	290009.1495	44	212
848	2026-03-22 22:00:47.347244	2026-03-22 21:00:00	HOUR	226.5831	44	195
849	2026-03-22 22:00:47.3484	2026-03-22 21:00:00	HOUR	0.9442	44	199
850	2026-03-22 22:00:47.34911	2026-03-22 21:00:00	HOUR	98880.5417	44	224
851	2026-03-22 22:00:47.350198	2026-03-22 21:00:00	HOUR	45760.4468	46	207
857	2026-03-22 22:00:47.354569	2026-03-22 21:00:00	HOUR	112.8783	44	198
899	2026-03-22 23:00:47.370463	2026-03-22 22:00:00	HOUR	62.9876	44	214
858	2026-03-22 22:00:47.355151	2026-03-22 21:00:00	HOUR	6.3835	44	209
900	2026-03-22 23:00:47.37115	2026-03-22 22:00:00	HOUR	290027.2652	44	212
879	2026-03-22 23:00:47.355313	2026-03-22 22:00:00	HOUR	3.5562	44	225
823	2026-03-22 21:00:47.348591	2026-03-22 20:00:00	HOUR	3.5921	44	225
842	2026-03-22 21:00:47.361989	2026-03-22 20:00:00	HOUR	12371.0506	46	229
843	2026-03-22 21:00:47.362801	2026-03-22 20:00:00	HOUR	23487.8639	45	200
821	2026-03-22 21:00:47.34577	2026-03-22 20:00:00	HOUR	98874.7496	44	224
844	2026-03-22 21:00:47.363386	2026-03-22 20:00:00	HOUR	113.0723	44	198
845	2026-03-22 21:00:47.363984	2026-03-22 20:00:00	HOUR	6.3117	44	209
846	2026-03-22 21:00:47.364731	2026-03-22 20:00:00	HOUR	312767.9519	44	210
883	2026-03-22 23:00:47.359388	2026-03-22 22:00:00	HOUR	225.5383	44	196
884	2026-03-22 23:00:47.360211	2026-03-22 22:00:00	HOUR	126100.2065	44	201
885	2026-03-22 23:00:47.360896	2026-03-22 22:00:00	HOUR	2.7557	44	202
886	2026-03-22 23:00:47.361553	2026-03-22 22:00:00	HOUR	4.1433	44	204
887	2026-03-22 23:00:47.36238	2026-03-22 22:00:00	HOUR	68085.8917	44	208
888	2026-03-22 23:00:47.363066	2026-03-22 22:00:00	HOUR	157075.4889	44	226
889	2026-03-22 23:00:47.363693	2026-03-22 22:00:00	HOUR	34670.1867	44	228
880	2026-03-22 23:00:47.35637	2026-03-22 22:00:00	HOUR	63.4142	44	198
881	2026-03-22 23:00:47.357377	2026-03-22 22:00:00	HOUR	1.3317	44	209
882	2026-03-22 23:00:47.358342	2026-03-22 22:00:00	HOUR	312806.8555	44	210
859	2026-03-22 22:00:47.355681	2026-03-22 21:00:00	HOUR	312788.7166	44	210
860	2026-03-22 22:00:47.356601	2026-03-22 21:00:00	HOUR	858702.3839	44	193
894	2026-03-22 23:00:47.366783	2026-03-22 22:00:00	HOUR	198891.4780	44	205
895	2026-03-22 23:00:47.367532	2026-03-22 22:00:00	HOUR	2.6020	44	211
875	2026-03-22 23:00:47.340794	2026-03-22 22:00:00	HOUR	568716.1842	44	213
876	2026-03-22 23:00:47.347782	2026-03-22 22:00:00	HOUR	6.7645	44	227
861	2026-03-22 22:00:47.357267	2026-03-22 21:00:00	HOUR	227.4763	44	194
871	2026-03-22 22:00:47.362972	2026-03-22 21:00:00	HOUR	568638.8180	44	213
872	2026-03-22 22:00:47.363544	2026-03-22 21:00:00	HOUR	8.7090	44	227
873	2026-03-22 22:00:47.364043	2026-03-22 21:00:00	HOUR	12373.1160	46	229
874	2026-03-22 22:00:47.364593	2026-03-22 21:00:00	HOUR	23490.1294	45	200
864	2026-03-22 22:00:47.359235	2026-03-22 21:00:00	HOUR	225.5775	44	196
865	2026-03-22 22:00:47.359746	2026-03-22 21:00:00	HOUR	126076.6660	44	201
866	2026-03-22 22:00:47.36031	2026-03-22 21:00:00	HOUR	13.0137	44	202
867	2026-03-22 22:00:47.360802	2026-03-22 21:00:00	HOUR	19.2021	44	204
868	2026-03-22 22:00:47.361279	2026-03-22 21:00:00	HOUR	68074.3438	44	208
869	2026-03-22 22:00:47.36177	2026-03-22 21:00:00	HOUR	157064.0793	44	226
870	2026-03-22 22:00:47.362388	2026-03-22 21:00:00	HOUR	34664.6836	44	228
877	2026-03-22 23:00:47.349285	2026-03-22 22:00:00	HOUR	12374.5578	46	229
878	2026-03-22 23:00:47.352359	2026-03-22 22:00:00	HOUR	23491.8176	45	200
901	2026-03-22 23:00:47.371803	2026-03-22 22:00:00	HOUR	858839.4661	44	193
902	2026-03-22 23:00:47.372679	2026-03-22 22:00:00	HOUR	227.4848	44	194
890	2026-03-22 23:00:47.364288	2026-03-22 22:00:00	HOUR	226.5847	44	195
891	2026-03-22 23:00:47.364839	2026-03-22 22:00:00	HOUR	0.9432	44	199
892	2026-03-22 23:00:47.36539	2026-03-22 22:00:00	HOUR	98886.3367	44	224
893	2026-03-22 23:00:47.366034	2026-03-22 22:00:00	HOUR	45764.5558	46	207
896	2026-03-22 23:00:47.368451	2026-03-22 22:00:00	HOUR	98.1680	44	197
897	2026-03-22 23:00:47.369102	2026-03-22 22:00:00	HOUR	235185.0569	44	203
898	2026-03-22 23:00:47.369779	2026-03-22 22:00:00	HOUR	4.1862	44	206
929	2026-03-23 00:00:47.35244	2026-03-22 23:00:00	HOUR	157085.0792	44	226
930	2026-03-23 00:00:47.353014	2026-03-22 23:00:00	HOUR	34674.0731	44	228
911	2026-03-23 00:00:47.341709	2026-03-22 23:00:00	HOUR	98892.1273	44	224
913	2026-03-23 00:00:47.342978	2026-03-22 23:00:00	HOUR	858939.6800	44	193
919	2026-03-23 00:00:47.346659	2026-03-22 23:00:00	HOUR	63.4343	44	198
906	2026-03-23 00:00:47.337196	2026-03-22 23:00:00	HOUR	4.2005	44	206
927	2026-03-23 00:00:47.351299	2026-03-22 23:00:00	HOUR	4.1367	44	204
918	2026-03-23 00:00:47.346089	2026-03-22 23:00:00	HOUR	23492.9308	45	200
920	2026-03-23 00:00:47.347214	2026-03-22 23:00:00	HOUR	1.3443	44	209
903	2026-03-23 00:00:47.330285	2026-03-22 23:00:00	HOUR	3.5840	44	225
917	2026-03-23 00:00:47.345582	2026-03-22 23:00:00	HOUR	12375.3979	46	229
905	2026-03-23 00:00:47.336395	2026-03-22 23:00:00	HOUR	235214.1368	44	203
910	2026-03-23 00:00:47.340927	2026-03-22 23:00:00	HOUR	0.9440	44	199
914	2026-03-23 00:00:47.343584	2026-03-22 23:00:00	HOUR	227.4679	44	194
928	2026-03-23 00:00:47.351891	2026-03-22 23:00:00	HOUR	68095.1719	44	208
915	2026-03-23 00:00:47.344445	2026-03-22 23:00:00	HOUR	568793.7538	44	213
921	2026-03-23 00:00:47.347741	2026-03-22 23:00:00	HOUR	312823.5048	44	210
925	2026-03-23 00:00:47.350153	2026-03-22 23:00:00	HOUR	126118.2035	44	201
909	2026-03-23 00:00:47.340043	2026-03-22 23:00:00	HOUR	226.5674	44	195
923	2026-03-23 00:00:47.349037	2026-03-22 23:00:00	HOUR	1.0987	44	211
907	2026-03-23 00:00:47.337952	2026-03-22 23:00:00	HOUR	62.8445	44	214
922	2026-03-23 00:00:47.348499	2026-03-22 23:00:00	HOUR	198915.6328	44	205
904	2026-03-23 00:00:47.335446	2026-03-22 23:00:00	HOUR	98.2377	44	197
908	2026-03-23 00:00:47.338824	2026-03-22 23:00:00	HOUR	290043.7751	44	212
924	2026-03-23 00:00:47.349584	2026-03-22 23:00:00	HOUR	225.5420	44	196
916	2026-03-23 00:00:47.344996	2026-03-22 23:00:00	HOUR	5.8726	44	227
912	2026-03-23 00:00:47.342406	2026-03-22 23:00:00	HOUR	45767.3119	46	207
926	2026-03-23 00:00:47.350765	2026-03-22 23:00:00	HOUR	2.7952	44	202
955	2026-03-23 01:00:47.362918	2026-03-23 00:00:00	HOUR	235243.2300	44	203
956	2026-03-23 01:00:47.363523	2026-03-23 00:00:00	HOUR	4.1117	44	206
957	2026-03-23 01:00:47.364123	2026-03-23 00:00:00	HOUR	62.9763	44	214
958	2026-03-23 01:00:47.364787	2026-03-23 00:00:00	HOUR	290059.6836	44	212
943	2026-03-23 01:00:47.354405	2026-03-23 00:00:00	HOUR	859039.9297	44	193
944	2026-03-23 01:00:47.355117	2026-03-23 00:00:00	HOUR	227.4949	44	194
949	2026-03-23 01:00:47.35832	2026-03-23 00:00:00	HOUR	63.3037	44	198
950	2026-03-23 01:00:47.359048	2026-03-23 00:00:00	HOUR	1.3416	44	209
951	2026-03-23 01:00:47.359761	2026-03-23 00:00:00	HOUR	312839.2790	44	210
959	2026-03-23 01:50:17.378285	2026-03-22 00:00:00	DAY	198650.3938	44	205
960	2026-03-23 01:50:17.431254	2026-03-22 00:00:00	DAY	21.1670	44	211
961	2026-03-23 01:50:17.435478	2026-03-22 00:00:00	DAY	152.3877	44	198
962	2026-03-23 01:50:17.438441	2026-03-22 00:00:00	DAY	10.2644	44	209
963	2026-03-23 01:50:17.440598	2026-03-22 00:00:00	DAY	312662.4325	44	210
964	2026-03-23 01:50:17.44434	2026-03-22 00:00:00	DAY	857747.6007	44	193
965	2026-03-23 01:50:17.448383	2026-03-22 00:00:00	DAY	227.4885	44	194
966	2026-03-23 01:50:17.450694	2026-03-22 00:00:00	DAY	7.8487	44	225
967	2026-03-23 01:50:17.452205	2026-03-22 00:00:00	DAY	226.5855	44	195
968	2026-03-23 01:50:17.454061	2026-03-22 00:00:00	DAY	0.9438	44	199
969	2026-03-23 01:50:17.458	2026-03-22 00:00:00	DAY	98835.7801	44	224
970	2026-03-23 01:50:17.459758	2026-03-22 00:00:00	DAY	45728.8036	46	207
971	2026-03-23 01:50:17.46191	2026-03-22 00:00:00	DAY	216.9811	44	197
972	2026-03-23 01:50:17.463569	2026-03-22 00:00:00	DAY	234919.0243	44	203
973	2026-03-23 01:50:17.465043	2026-03-22 00:00:00	DAY	31.3682	44	206
974	2026-03-23 01:50:17.466395	2026-03-22 00:00:00	DAY	62.9505	44	214
975	2026-03-23 01:50:17.467985	2026-03-22 00:00:00	DAY	289882.5094	44	212
976	2026-03-23 01:50:17.469368	2026-03-22 00:00:00	DAY	568331.4943	44	213
977	2026-03-23 01:50:17.47098	2026-03-22 00:00:00	DAY	19.3522	44	227
978	2026-03-23 01:50:17.472426	2026-03-22 00:00:00	DAY	12360.5084	46	229
979	2026-03-23 01:50:17.474624	2026-03-22 00:00:00	DAY	23477.0468	45	200
980	2026-03-23 01:50:17.476964	2026-03-22 00:00:00	DAY	225.5487	44	196
981	2026-03-23 01:50:17.47939	2026-03-22 00:00:00	DAY	125922.7178	44	201
982	2026-03-23 01:50:17.481088	2026-03-22 00:00:00	DAY	21.1099	44	202
983	2026-03-23 01:50:17.482372	2026-03-22 00:00:00	DAY	31.2061	44	204
984	2026-03-23 01:50:17.483864	2026-03-22 00:00:00	DAY	68002.3911	44	208
985	2026-03-23 01:50:17.485223	2026-03-22 00:00:00	DAY	156960.8972	44	226
986	2026-03-23 01:50:17.486683	2026-03-22 00:00:00	DAY	34624.3596	44	228
990	2026-03-23 02:00:47.352548	2026-03-23 01:00:00	HOUR	63.0322	44	214
1003	2026-03-23 02:00:47.376005	2026-03-23 01:00:00	HOUR	4.0736	44	204
999	2026-03-23 02:00:47.367202	2026-03-23 01:00:00	HOUR	3.5905	44	225
952	2026-03-23 01:00:47.360851	2026-03-23 00:00:00	HOUR	198939.7668	44	205
953	2026-03-23 01:00:47.361561	2026-03-23 00:00:00	HOUR	0.7844	44	211
935	2026-03-23 01:00:47.346965	2026-03-23 00:00:00	HOUR	3.6374	44	225
936	2026-03-23 01:00:47.348189	2026-03-23 00:00:00	HOUR	225.5547	44	196
937	2026-03-23 01:00:47.34955	2026-03-23 00:00:00	HOUR	126136.1962	44	201
938	2026-03-23 01:00:47.350342	2026-03-23 00:00:00	HOUR	2.7732	44	202
939	2026-03-23 01:00:47.351268	2026-03-23 00:00:00	HOUR	4.2768	44	204
940	2026-03-23 01:00:47.352164	2026-03-23 00:00:00	HOUR	68104.4269	44	208
941	2026-03-23 01:00:47.352903	2026-03-23 00:00:00	HOUR	157093.9025	44	226
942	2026-03-23 01:00:47.353744	2026-03-23 00:00:00	HOUR	34677.9643	44	228
945	2026-03-23 01:00:47.355889	2026-03-23 00:00:00	HOUR	226.5920	44	195
946	2026-03-23 01:00:47.356546	2026-03-23 00:00:00	HOUR	0.9440	44	199
947	2026-03-23 01:00:47.357092	2026-03-23 00:00:00	HOUR	98897.9131	44	224
948	2026-03-23 01:00:47.357744	2026-03-23 00:00:00	HOUR	45770.0668	46	207
931	2026-03-23 01:00:47.337604	2026-03-23 00:00:00	HOUR	568871.2192	44	213
932	2026-03-23 01:00:47.344161	2026-03-23 00:00:00	HOUR	5.6152	44	227
933	2026-03-23 01:00:47.345103	2026-03-23 00:00:00	HOUR	12376.2374	46	229
934	2026-03-23 01:00:47.345951	2026-03-23 00:00:00	HOUR	23494.0467	45	200
954	2026-03-23 01:00:47.362235	2026-03-23 00:00:00	HOUR	98.1910	44	197
987	2026-03-23 02:00:47.342065	2026-03-23 01:00:00	HOUR	97.6267	44	197
1004	2026-03-23 02:00:47.377841	2026-03-23 01:00:00	HOUR	68113.6956	44	208
1008	2026-03-23 02:00:47.385771	2026-03-23 01:00:00	HOUR	5.8224	44	227
1006	2026-03-23 02:00:47.38173	2026-03-23 01:00:00	HOUR	34681.8823	44	228
1005	2026-03-23 02:00:47.379838	2026-03-23 01:00:00	HOUR	157102.7725	44	226
1001	2026-03-23 02:00:47.371625	2026-03-23 01:00:00	HOUR	126154.1863	44	201
994	2026-03-23 02:00:47.358297	2026-03-23 01:00:00	HOUR	98903.6926	44	224
991	2026-03-23 02:00:47.354105	2026-03-23 01:00:00	HOUR	290075.4790	44	212
992	2026-03-23 02:00:47.355612	2026-03-23 01:00:00	HOUR	226.5930	44	195
1009	2026-03-23 02:00:47.387569	2026-03-23 01:00:00	HOUR	12377.0750	46	229
1011	2026-03-23 02:00:47.391153	2026-03-23 01:00:00	HOUR	859140.1959	44	193
995	2026-03-23 02:00:47.359488	2026-03-23 01:00:00	HOUR	45772.8217	46	207
1007	2026-03-23 02:00:47.383855	2026-03-23 01:00:00	HOUR	568948.7045	44	213
993	2026-03-23 02:00:47.356937	2026-03-23 01:00:00	HOUR	0.9438	44	199
1014	2026-03-23 02:00:47.396582	2026-03-23 01:00:00	HOUR	1.2008	44	211
1002	2026-03-23 02:00:47.373926	2026-03-23 01:00:00	HOUR	2.8336	44	202
996	2026-03-23 02:00:47.362441	2026-03-23 01:00:00	HOUR	63.2716	44	198
1010	2026-03-23 02:00:47.389233	2026-03-23 01:00:00	HOUR	23495.1576	45	200
998	2026-03-23 02:00:47.365137	2026-03-23 01:00:00	HOUR	312855.0905	44	210
1000	2026-03-23 02:00:47.369674	2026-03-23 01:00:00	HOUR	225.5306	44	196
1013	2026-03-23 02:00:47.39478	2026-03-23 01:00:00	HOUR	198963.9574	44	205
989	2026-03-23 02:00:47.350937	2026-03-23 01:00:00	HOUR	4.2843	44	206
988	2026-03-23 02:00:47.349125	2026-03-23 01:00:00	HOUR	235272.3895	44	203
1012	2026-03-23 02:00:47.393081	2026-03-23 01:00:00	HOUR	227.4875	44	194
997	2026-03-23 02:00:47.363894	2026-03-23 01:00:00	HOUR	1.3595	44	209
1017	2026-03-23 03:00:47.474013	2026-03-23 02:00:00	HOUR	98909.4757	44	224
1018	2026-03-23 03:00:47.480619	2026-03-23 02:00:00	HOUR	45775.5697	46	207
1020	2026-03-23 03:00:47.491973	2026-03-23 02:00:00	HOUR	63.4055	44	198
1015	2026-03-23 03:00:47.356351	2026-03-23 02:00:00	HOUR	226.5774	44	195
1023	2026-03-23 03:00:47.499897	2026-03-23 02:00:00	HOUR	859240.3132	44	193
1016	2026-03-23 03:00:47.466314	2026-03-23 02:00:00	HOUR	0.9440	44	199
1022	2026-03-23 03:00:47.497683	2026-03-23 02:00:00	HOUR	312871.6055	44	210
1021	2026-03-23 03:00:47.49527	2026-03-23 02:00:00	HOUR	1.3905	44	209
1024	2026-03-23 03:00:47.501502	2026-03-23 02:00:00	HOUR	227.5324	44	194
1034	2026-03-23 03:00:47.519632	2026-03-23 02:00:00	HOUR	68122.9785	44	208
1035	2026-03-23 03:00:47.521614	2026-03-23 02:00:00	HOUR	157112.3631	44	226
1036	2026-03-23 03:00:47.523391	2026-03-23 02:00:00	HOUR	34685.7696	44	228
1047	2026-03-23 04:00:52.388358	2026-03-23 03:00:00	HOUR	290038.0786	44	212
1060	2026-03-23 04:00:52.410467	2026-03-23 03:00:00	HOUR	4.2150	44	204
1066	2026-03-23 04:00:52.421229	2026-03-23 03:00:00	HOUR	858833.1323	44	193
1067	2026-03-23 04:00:52.422284	2026-03-23 03:00:00	HOUR	227.4398	44	194
1057	2026-03-23 04:00:52.40681	2026-03-23 03:00:00	HOUR	225.5529	44	196
1058	2026-03-23 04:00:52.408259	2026-03-23 03:00:00	HOUR	126106.8584	44	201
1059	2026-03-23 04:00:52.409459	2026-03-23 03:00:00	HOUR	2.7720	44	202
1061	2026-03-23 04:00:52.411505	2026-03-23 03:00:00	HOUR	68092.6602	44	208
1062	2026-03-23 04:00:52.414781	2026-03-23 03:00:00	HOUR	157067.6288	44	226
1063	2026-03-23 04:00:52.417945	2026-03-23 03:00:00	HOUR	34668.5337	44	228
1052	2026-03-23 04:00:52.398454	2026-03-23 03:00:00	HOUR	568903.6610	44	213
1053	2026-03-23 04:00:52.399867	2026-03-23 03:00:00	HOUR	8.8595	44	227
1054	2026-03-23 04:00:52.401423	2026-03-23 03:00:00	HOUR	12372.4628	46	229
1037	2026-03-23 03:00:47.525516	2026-03-23 02:00:00	HOUR	198988.1487	44	205
1038	2026-03-23 03:00:47.527059	2026-03-23 02:00:00	HOUR	2.5350	44	211
1019	2026-03-23 03:00:47.486693	2026-03-23 02:00:00	HOUR	3.5927	44	225
1039	2026-03-23 03:00:47.52834	2026-03-23 02:00:00	HOUR	569026.3274	44	213
1040	2026-03-23 03:00:47.529969	2026-03-23 02:00:00	HOUR	6.8367	44	227
1041	2026-03-23 03:00:47.531615	2026-03-23 02:00:00	HOUR	12377.9176	46	229
1042	2026-03-23 03:00:47.533105	2026-03-23 02:00:00	HOUR	23496.2683	45	200
1025	2026-03-23 03:00:47.503967	2026-03-23 02:00:00	HOUR	97.6476	44	197
1026	2026-03-23 03:00:47.50681	2026-03-23 02:00:00	HOUR	235301.5497	44	203
1027	2026-03-23 03:00:47.508297	2026-03-23 02:00:00	HOUR	4.2108	44	206
1028	2026-03-23 03:00:47.509837	2026-03-23 02:00:00	HOUR	62.8942	44	214
1029	2026-03-23 03:00:47.511117	2026-03-23 02:00:00	HOUR	290091.9298	44	212
1030	2026-03-23 03:00:47.512673	2026-03-23 02:00:00	HOUR	225.5315	44	196
1031	2026-03-23 03:00:47.514363	2026-03-23 02:00:00	HOUR	126172.1501	44	201
1032	2026-03-23 03:00:47.515751	2026-03-23 02:00:00	HOUR	2.8477	44	202
1033	2026-03-23 03:00:47.51764	2026-03-23 02:00:00	HOUR	4.1096	44	204
1055	2026-03-23 04:00:52.403504	2026-03-23 03:00:00	HOUR	23490.6418	45	200
1068	2026-03-23 04:00:52.423792	2026-03-23 03:00:00	HOUR	63.5588	44	198
1069	2026-03-23 04:00:52.424914	2026-03-23 03:00:00	HOUR	1.3274	44	209
1070	2026-03-23 04:00:52.425972	2026-03-23 03:00:00	HOUR	312817.9236	44	210
1048	2026-03-23 04:00:52.390919	2026-03-23 03:00:00	HOUR	226.5856	44	195
1049	2026-03-23 04:00:52.392506	2026-03-23 03:00:00	HOUR	0.9435	44	199
1050	2026-03-23 04:00:52.393816	2026-03-23 03:00:00	HOUR	98889.9127	44	224
1051	2026-03-23 04:00:52.395383	2026-03-23 03:00:00	HOUR	45761.9868	46	207
1056	2026-03-23 04:00:52.405401	2026-03-23 03:00:00	HOUR	3.6290	44	225
1064	2026-03-23 04:00:52.419236	2026-03-23 03:00:00	HOUR	198899.2257	44	205
1065	2026-03-23 04:00:52.420303	2026-03-23 03:00:00	HOUR	5.4572	44	211
1083	2026-03-23 05:02:14.811647	2026-03-23 04:00:00	HOUR	45679.4604	46	207
1091	2026-03-23 05:02:14.818946	2026-03-23 04:00:00	HOUR	234575.4698	44	203
1100	2026-03-23 05:02:14.827773	2026-03-23 04:00:00	HOUR	125689.5428	44	201
1071	2026-03-23 05:02:14.792793	2026-03-23 04:00:00	HOUR	567931.0225	44	213
1043	2026-03-23 04:00:52.347466	2026-03-23 03:00:00	HOUR	98.3630	44	197
1044	2026-03-23 04:00:52.383114	2026-03-23 03:00:00	HOUR	235204.7043	44	203
1045	2026-03-23 04:00:52.385264	2026-03-23 03:00:00	HOUR	3.9384	44	206
1046	2026-03-23 04:00:52.386627	2026-03-23 03:00:00	HOUR	62.9102	44	214
1072	2026-03-23 05:02:14.799481	2026-03-23 04:00:00	HOUR	189011.0146	44	221
1101	2026-03-23 05:02:14.828521	2026-03-23 04:00:00	HOUR	2.8026	44	202
1102	2026-03-23 05:02:14.829317	2026-03-23 04:00:00	HOUR	4.0775	44	204
1103	2026-03-23 05:02:14.830053	2026-03-23 04:00:00	HOUR	67894.9260	44	208
1104	2026-03-23 05:02:14.830848	2026-03-23 04:00:00	HOUR	156788.3537	44	226
1079	2026-03-23 05:02:14.807805	2026-03-23 04:00:00	HOUR	226.5875	44	195
1084	2026-03-23 05:02:14.812609	2026-03-23 04:00:00	HOUR	856283.1462	44	193
1085	2026-03-23 05:02:14.813412	2026-03-23 04:00:00	HOUR	227.4903	44	194
1093	2026-03-23 05:02:14.820563	2026-03-23 04:00:00	HOUR	62.9540	44	214
1088	2026-03-23 05:02:14.816498	2026-03-23 04:00:00	HOUR	198332.8146	44	205
1089	2026-03-23 05:02:14.817331	2026-03-23 04:00:00	HOUR	9.4239	44	211
1086	2026-03-23 05:02:14.814396	2026-03-23 04:00:00	HOUR	0.9542	44	220
1087	2026-03-23 05:02:14.815612	2026-03-23 04:00:00	HOUR	567801.1325	45	223
1073	2026-03-23 05:02:14.801156	2026-03-23 04:00:00	HOUR	2.2100	44	222
1074	2026-03-23 05:02:14.80236	2026-03-23 04:00:00	HOUR	11.1414	44	227
1075	2026-03-23 05:02:14.803609	2026-03-23 04:00:00	HOUR	12340.4386	46	229
1095	2026-03-23 05:02:14.822372	2026-03-23 04:00:00	HOUR	63.4441	44	198
1097	2026-03-23 05:02:14.824165	2026-03-23 04:00:00	HOUR	312461.9332	44	210
1098	2026-03-23 05:02:14.825021	2026-03-23 04:00:00	HOUR	126.3976	44	218
1077	2026-03-23 05:02:14.805653	2026-03-23 04:00:00	HOUR	227.5009	44	219
1078	2026-03-23 05:02:14.806711	2026-03-23 04:00:00	HOUR	3.6067	44	225
1076	2026-03-23 05:02:14.80462	2026-03-23 04:00:00	HOUR	23456.5879	45	200
1096	2026-03-23 05:02:14.823284	2026-03-23 04:00:00	HOUR	1.4194	44	209
1092	2026-03-23 05:02:14.819769	2026-03-23 04:00:00	HOUR	4.0867	44	206
1094	2026-03-23 05:02:14.821435	2026-03-23 04:00:00	HOUR	289681.8017	44	212
1081	2026-03-23 05:02:14.809707	2026-03-23 04:00:00	HOUR	3500160.4144	44	217
1082	2026-03-23 05:02:14.810796	2026-03-23 04:00:00	HOUR	98763.0832	44	224
1090	2026-03-23 05:02:14.818155	2026-03-23 04:00:00	HOUR	97.9348	44	197
1099	2026-03-23 05:02:14.826044	2026-03-23 04:00:00	HOUR	225.5295	44	196
1105	2026-03-23 05:02:14.83167	2026-03-23 04:00:00	HOUR	34562.0753	44	228
1080	2026-03-23 05:02:14.808772	2026-03-23 04:00:00	HOUR	0.9434	44	199
1116	2026-03-23 13:04:32.116173	2026-03-23 12:00:00	HOUR	212.7169	44	197
1115	2026-03-23 13:04:32.113488	2026-03-23 12:00:00	HOUR	293.3811	44	218
1106	2026-03-23 13:04:32.063537	2026-03-23 12:00:00	HOUR	568025.0862	44	213
1110	2026-03-23 13:04:32.099951	2026-03-23 12:00:00	HOUR	12342.1470	46	229
1108	2026-03-23 13:04:32.094777	2026-03-23 12:00:00	HOUR	16.4845	44	222
1111	2026-03-23 13:04:32.102931	2026-03-23 12:00:00	HOUR	23458.5895	45	200
1107	2026-03-23 13:04:32.09184	2026-03-23 12:00:00	HOUR	189027.4010	44	221
1114	2026-03-23 13:04:32.1111	2026-03-23 12:00:00	HOUR	312497.9544	44	210
1113	2026-03-23 13:04:32.108206	2026-03-23 12:00:00	HOUR	9.8163	44	209
1125	2026-03-23 13:04:32.148411	2026-03-23 12:00:00	HOUR	227.5323	44	219
1126	2026-03-23 13:04:32.15197	2026-03-23 12:00:00	HOUR	8.2932	44	225
1129	2026-03-23 13:04:32.160892	2026-03-23 12:00:00	HOUR	226.6146	44	195
1130	2026-03-23 13:04:32.163981	2026-03-23 12:00:00	HOUR	0.9446	44	199
1131	2026-03-23 13:04:32.166817	2026-03-23 12:00:00	HOUR	3500389.2808	44	217
1132	2026-03-23 13:04:32.169616	2026-03-23 12:00:00	HOUR	98772.1374	44	224
1133	2026-03-23 13:04:32.171816	2026-03-23 12:00:00	HOUR	45684.3402	46	207
1127	2026-03-23 13:04:32.154554	2026-03-23 12:00:00	HOUR	198370.6187	44	205
1128	2026-03-23 13:04:32.157842	2026-03-23 12:00:00	HOUR	36.1028	44	211
1181	2026-03-23 15:04:32.121835	2026-03-23 14:00:00	HOUR	225.5463	44	196
1117	2026-03-23 13:04:32.120461	2026-03-23 12:00:00	HOUR	234619.2594	44	203
1118	2026-03-23 13:04:32.125134	2026-03-23 12:00:00	HOUR	30.3788	44	206
1119	2026-03-23 13:04:32.128533	2026-03-23 12:00:00	HOUR	63.0319	44	214
1120	2026-03-23 13:04:32.131718	2026-03-23 12:00:00	HOUR	289717.5248	44	212
1134	2026-03-23 13:04:32.174456	2026-03-23 12:00:00	HOUR	225.5672	44	196
1135	2026-03-23 13:04:32.176737	2026-03-23 12:00:00	HOUR	125717.6197	44	201
1136	2026-03-23 13:04:32.178907	2026-03-23 12:00:00	HOUR	20.4431	44	202
1137	2026-03-23 13:04:32.181073	2026-03-23 12:00:00	HOUR	30.3021	44	204
1138	2026-03-23 13:04:32.184017	2026-03-23 12:00:00	HOUR	67908.7957	44	208
1139	2026-03-23 13:04:32.186234	2026-03-23 12:00:00	HOUR	156816.8316	44	226
1140	2026-03-23 13:04:32.188673	2026-03-23 12:00:00	HOUR	34568.6561	44	228
1112	2026-03-23 13:04:32.105259	2026-03-23 12:00:00	HOUR	149.3668	44	198
1121	2026-03-23 13:04:32.134629	2026-03-23 12:00:00	HOUR	856446.0154	44	193
1122	2026-03-23 13:04:32.137915	2026-03-23 12:00:00	HOUR	227.4828	44	194
1123	2026-03-23 13:04:32.141182	2026-03-23 12:00:00	HOUR	0.9546	44	220
1124	2026-03-23 13:04:32.145262	2026-03-23 12:00:00	HOUR	567802.8832	45	223
1109	2026-03-23 13:04:32.097257	2026-03-23 12:00:00	HOUR	29.3869	44	227
1182	2026-03-23 15:04:32.124024	2026-03-23 14:00:00	HOUR	125804.4499	44	201
1183	2026-03-23 15:04:32.126688	2026-03-23 14:00:00	HOUR	32.3861	44	202
1184	2026-03-23 15:04:32.12931	2026-03-23 14:00:00	HOUR	48.2037	44	204
1145	2026-03-23 14:04:32.048994	2026-03-23 13:00:00	HOUR	67925.7822	44	208
1185	2026-03-23 15:04:32.131784	2026-03-23 14:00:00	HOUR	67948.5932	44	208
1176	2026-03-23 15:04:32.093461	2026-03-23 14:00:00	HOUR	289.5908	44	197
1177	2026-03-23 15:04:32.111686	2026-03-23 14:00:00	HOUR	234746.0836	44	203
1178	2026-03-23 15:04:32.114705	2026-03-23 14:00:00	HOUR	48.2056	44	206
1179	2026-03-23 15:04:32.118088	2026-03-23 14:00:00	HOUR	62.9885	44	214
1180	2026-03-23 15:04:32.119905	2026-03-23 14:00:00	HOUR	289797.2000	44	212
1146	2026-03-23 14:04:32.050405	2026-03-23 13:00:00	HOUR	156848.9847	44	226
1147	2026-03-23 14:04:32.052117	2026-03-23 13:00:00	HOUR	34578.4555	44	228
1162	2026-03-23 14:04:32.074996	2026-03-23 13:00:00	HOUR	227.4939	44	219
1163	2026-03-23 14:04:32.076182	2026-03-23 13:00:00	HOUR	11.2885	44	225
1168	2026-03-23 14:04:32.084964	2026-03-23 13:00:00	HOUR	198420.8899	44	205
1170	2026-03-23 14:04:32.089372	2026-03-23 13:00:00	HOUR	568088.6898	44	213
1169	2026-03-23 14:04:32.086324	2026-03-23 13:00:00	HOUR	35.7169	44	211
1148	2026-03-23 14:04:32.053166	2026-03-23 13:00:00	HOUR	208.3154	44	198
1171	2026-03-23 14:04:32.090948	2026-03-23 13:00:00	HOUR	189056.9885	44	221
1172	2026-03-23 14:04:32.09244	2026-03-23 13:00:00	HOUR	26.2574	44	222
1173	2026-03-23 14:04:32.094287	2026-03-23 13:00:00	HOUR	29.1027	44	227
1149	2026-03-23 14:04:32.056786	2026-03-23 13:00:00	HOUR	15.7557	44	209
1174	2026-03-23 14:04:32.095673	2026-03-23 13:00:00	HOUR	12345.3152	46	229
1175	2026-03-23 14:04:32.097204	2026-03-23 13:00:00	HOUR	23461.8350	45	200
1157	2026-03-23 14:04:32.070586	2026-03-23 13:00:00	HOUR	289.7094	44	197
1158	2026-03-23 14:04:32.071452	2026-03-23 13:00:00	HOUR	234673.3712	44	203
1159	2026-03-23 14:04:32.072327	2026-03-23 13:00:00	HOUR	48.1921	44	206
1160	2026-03-23 14:04:32.073094	2026-03-23 13:00:00	HOUR	62.9507	44	214
1161	2026-03-23 14:04:32.074019	2026-03-23 13:00:00	HOUR	289753.7370	44	212
1164	2026-03-23 14:04:32.077486	2026-03-23 13:00:00	HOUR	856677.4294	44	193
1150	2026-03-23 14:04:32.058016	2026-03-23 13:00:00	HOUR	312534.2463	44	210
1151	2026-03-23 14:04:32.062893	2026-03-23 13:00:00	HOUR	405.6280	44	218
1165	2026-03-23 14:04:32.078919	2026-03-23 13:00:00	HOUR	227.5207	44	194
1166	2026-03-23 14:04:32.081189	2026-03-23 13:00:00	HOUR	0.9542	44	220
1167	2026-03-23 14:04:32.083137	2026-03-23 13:00:00	HOUR	567806.1576	45	223
1152	2026-03-23 14:04:32.064763	2026-03-23 13:00:00	HOUR	226.5783	44	195
1153	2026-03-23 14:04:32.066363	2026-03-23 13:00:00	HOUR	0.9430	44	199
1154	2026-03-23 14:04:32.067369	2026-03-23 13:00:00	HOUR	3500787.4677	44	217
1141	2026-03-23 14:04:32.032275	2026-03-23 13:00:00	HOUR	225.5506	44	196
1155	2026-03-23 14:04:32.068384	2026-03-23 13:00:00	HOUR	98783.9739	44	224
1156	2026-03-23 14:04:32.069489	2026-03-23 13:00:00	HOUR	45692.1199	46	207
1142	2026-03-23 14:04:32.043872	2026-03-23 13:00:00	HOUR	125754.4496	44	201
1143	2026-03-23 14:04:32.045793	2026-03-23 13:00:00	HOUR	32.4760	44	202
1144	2026-03-23 14:04:32.047392	2026-03-23 13:00:00	HOUR	47.9020	44	204
1202	2026-03-23 15:04:32.155392	2026-03-23 14:00:00	HOUR	856992.9484	44	193
1203	2026-03-23 15:04:32.156441	2026-03-23 14:00:00	HOUR	227.5073	44	194
1204	2026-03-23 15:04:32.157584	2026-03-23 14:00:00	HOUR	0.9549	44	220
1205	2026-03-23 15:04:32.159182	2026-03-23 14:00:00	HOUR	567810.6348	45	223
1194	2026-03-23 15:04:32.144933	2026-03-23 14:00:00	HOUR	208.3679	44	198
1195	2026-03-23 15:04:32.146768	2026-03-23 14:00:00	HOUR	15.8161	44	209
1196	2026-03-23 15:04:32.148189	2026-03-23 14:00:00	HOUR	312577.7750	44	210
1197	2026-03-23 15:04:32.149318	2026-03-23 14:00:00	HOUR	406.6321	44	218
1186	2026-03-23 15:04:32.133593	2026-03-23 14:00:00	HOUR	156887.2614	44	226
1187	2026-03-23 15:04:32.135494	2026-03-23 14:00:00	HOUR	34591.9707	44	228
1206	2026-03-23 15:04:32.16026	2026-03-23 14:00:00	HOUR	226.6390	44	195
1207	2026-03-23 15:04:32.161284	2026-03-23 14:00:00	HOUR	0.9437	44	199
1208	2026-03-23 15:04:32.162316	2026-03-23 14:00:00	HOUR	3501330.8396	44	217
1209	2026-03-23 15:04:32.163616	2026-03-23 14:00:00	HOUR	98799.9604	44	224
1210	2026-03-23 15:04:32.164837	2026-03-23 14:00:00	HOUR	45702.8760	46	207
1198	2026-03-23 15:04:32.150877	2026-03-23 14:00:00	HOUR	198489.0358	44	205
1199	2026-03-23 15:04:32.152033	2026-03-23 14:00:00	HOUR	34.4178	44	211
1188	2026-03-23 15:04:32.137791	2026-03-23 14:00:00	HOUR	568166.1122	44	213
1189	2026-03-23 15:04:32.139002	2026-03-23 14:00:00	HOUR	189097.6313	44	221
1190	2026-03-23 15:04:32.14019	2026-03-23 14:00:00	HOUR	26.1654	44	222
1191	2026-03-23 15:04:32.141569	2026-03-23 14:00:00	HOUR	28.3031	44	227
1192	2026-03-23 15:04:32.142773	2026-03-23 14:00:00	HOUR	12349.7664	46	229
1193	2026-03-23 15:04:32.143793	2026-03-23 14:00:00	HOUR	23466.3101	45	200
1200	2026-03-23 15:04:32.153203	2026-03-23 14:00:00	HOUR	227.5124	44	219
1201	2026-03-23 15:04:32.154269	2026-03-23 14:00:00	HOUR	11.4307	44	225
1211	2026-03-24 01:00:00.091423	2026-03-23 00:00:00	DAY	1232.0388	44	218
1212	2026-03-24 01:00:00.115059	2026-03-23 00:00:00	DAY	1804.3633	44	196
1213	2026-03-24 01:00:00.117942	2026-03-23 00:00:00	DAY	2319215.4345	44	212
1214	2026-03-24 01:00:00.119949	2026-03-23 00:00:00	DAY	187819.4369	45	200
1215	2026-03-24 01:00:00.121868	2026-03-23 00:00:00	DAY	99.3343	44	202
1216	2026-03-24 01:00:00.123809	2026-03-23 00:00:00	DAY	503.7380	44	214
1217	2026-03-24 01:00:00.126276	2026-03-23 00:00:00	DAY	2271220.8081	45	223
1218	2026-03-24 01:00:00.12814	2026-03-23 00:00:00	DAY	883.0338	44	198
1219	2026-03-24 01:00:00.130829	2026-03-23 00:00:00	DAY	756193.0354	44	221
1220	2026-03-24 01:00:00.132575	2026-03-23 00:00:00	DAY	790720.1490	44	224
1221	2026-03-24 01:00:00.135573	2026-03-23 00:00:00	DAY	277015.3075	44	228
1222	2026-03-24 01:00:00.139401	2026-03-23 00:00:00	DAY	71.1173	44	222
1223	2026-03-24 01:00:00.141682	2026-03-23 00:00:00	DAY	48.2265	44	209
1224	2026-03-24 01:00:00.144039	2026-03-23 00:00:00	DAY	6862653.1105	44	193
1225	2026-03-24 01:00:00.145584	2026-03-23 00:00:00	DAY	1007535.4530	44	201
1226	2026-03-24 01:00:00.146853	2026-03-23 00:00:00	DAY	125.0679	44	227
1227	2026-03-24 01:00:00.148066	2026-03-23 00:00:00	DAY	1255718.0983	44	226
1228	2026-03-24 01:00:00.149336	2026-03-23 00:00:00	DAY	544111.8583	44	208
1229	2026-03-24 01:00:00.150512	2026-03-23 00:00:00	DAY	125.6388	44	211
1230	2026-03-24 01:00:00.151826	2026-03-23 00:00:00	DAY	1819.9557	44	194
1231	2026-03-24 01:00:00.153248	2026-03-23 00:00:00	DAY	1281.7802	44	197
1232	2026-03-24 01:00:00.155777	2026-03-23 00:00:00	DAY	7.5500	44	199
1233	2026-03-24 01:00:00.157647	2026-03-23 00:00:00	DAY	910.0395	44	219
1234	2026-03-24 01:00:00.160237	2026-03-23 00:00:00	DAY	2501455.8075	44	210
1235	2026-03-24 01:00:00.162519	2026-03-23 00:00:00	DAY	49.0687	44	225
1236	2026-03-24 01:00:00.16478	2026-03-23 00:00:00	DAY	147.4084	44	206
1237	2026-03-24 01:00:00.166357	2026-03-23 00:00:00	DAY	1589404.4576	44	205
1238	2026-03-24 01:00:00.168049	2026-03-23 00:00:00	DAY	1879636.0575	44	203
1239	2026-03-24 01:00:00.169693	2026-03-23 00:00:00	DAY	365839.2415	46	207
1240	2026-03-24 01:00:00.171065	2026-03-23 00:00:00	DAY	147.1603	44	204
1241	2026-03-24 01:00:00.172411	2026-03-23 00:00:00	DAY	98881.3600	46	229
1242	2026-03-24 01:00:00.173751	2026-03-23 00:00:00	DAY	3.8179	44	220
1243	2026-03-24 01:00:00.175049	2026-03-23 00:00:00	DAY	4547960.8228	44	213
1244	2026-03-24 01:00:00.176342	2026-03-23 00:00:00	DAY	14002668.0025	44	217
1245	2026-03-24 01:00:00.177647	2026-03-23 00:00:00	DAY	1812.7674	44	195
1246	2026-04-07 05:26:31.78614	2026-03-01 00:00:00	MONTH	146.8058	44	211
1247	2026-04-07 05:26:31.83971	2026-03-01 00:00:00	MONTH	2047.4442	44	194
1248	2026-04-07 05:26:31.842031	2026-03-01 00:00:00	MONTH	1232.0388	44	218
1249	2026-04-07 05:26:31.843816	2026-03-01 00:00:00	MONTH	2029.9120	44	196
1250	2026-04-07 05:26:31.849175	2026-03-01 00:00:00	MONTH	2609097.9439	44	212
1251	2026-04-07 05:26:31.851675	2026-03-01 00:00:00	MONTH	211296.4837	45	200
1252	2026-04-07 05:26:31.854464	2026-03-01 00:00:00	MONTH	1498.7613	44	197
1253	2026-04-07 05:26:31.856427	2026-03-01 00:00:00	MONTH	8.4938	44	199
1254	2026-04-07 05:26:31.858318	2026-03-01 00:00:00	MONTH	910.0395	44	219
1255	2026-04-07 05:26:31.859632	2026-03-01 00:00:00	MONTH	120.4442	44	202
1256	2026-04-07 05:26:31.861278	2026-03-01 00:00:00	MONTH	566.6885	44	214
1257	2026-04-07 05:26:31.863553	2026-03-01 00:00:00	MONTH	2814118.2400	44	210
1258	2026-04-07 05:26:31.864938	2026-03-01 00:00:00	MONTH	56.9174	44	225
1259	2026-04-07 05:26:31.867021	2026-03-01 00:00:00	MONTH	2271220.8081	45	223
1260	2026-04-07 05:26:31.868539	2026-03-01 00:00:00	MONTH	178.7766	44	206
1261	2026-04-07 05:26:31.8698	2026-03-01 00:00:00	MONTH	1035.4215	44	198
1262	2026-04-07 05:26:31.871051	2026-03-01 00:00:00	MONTH	1788054.8514	44	205
1263	2026-04-07 05:26:31.872385	2026-03-01 00:00:00	MONTH	756193.0354	44	221
1264	2026-04-07 05:26:31.873678	2026-03-01 00:00:00	MONTH	889555.9291	44	224
1265	2026-04-07 05:26:31.875191	2026-03-01 00:00:00	MONTH	311639.6671	44	228
1266	2026-04-07 05:26:31.876402	2026-03-01 00:00:00	MONTH	2114555.0818	44	203
1267	2026-04-07 05:26:31.877685	2026-03-01 00:00:00	MONTH	71.1173	44	222
1268	2026-04-07 05:26:31.878761	2026-03-01 00:00:00	MONTH	178.3664	44	204
1269	2026-04-07 05:26:31.880099	2026-03-01 00:00:00	MONTH	411568.0451	46	207
1270	2026-04-07 05:26:31.881876	2026-03-01 00:00:00	MONTH	111241.8684	46	229
1271	2026-04-07 05:26:31.883439	2026-03-01 00:00:00	MONTH	3.8179	44	220
1272	2026-04-07 05:26:31.885045	2026-03-01 00:00:00	MONTH	5116292.3171	44	213
1273	2026-04-07 05:26:31.886276	2026-03-01 00:00:00	MONTH	7720400.7112	44	193
1274	2026-04-07 05:26:31.887299	2026-03-01 00:00:00	MONTH	58.4909	44	209
1275	2026-04-07 05:26:31.888507	2026-03-01 00:00:00	MONTH	14002668.0025	44	217
1276	2026-04-07 05:26:31.889663	2026-03-01 00:00:00	MONTH	1133458.1708	44	201
1277	2026-04-07 05:26:31.890835	2026-03-01 00:00:00	MONTH	144.4201	44	227
1278	2026-04-07 05:26:31.892182	2026-03-01 00:00:00	MONTH	2039.3529	44	195
1279	2026-04-07 05:26:31.893755	2026-03-01 00:00:00	MONTH	1412678.9955	44	226
1280	2026-04-07 05:26:31.895528	2026-03-01 00:00:00	MONTH	612114.2494	44	208
\.


--
-- Data for Name: ems_energy_saving_project; Type: TABLE DATA; Schema: public; Owner: postgres
--

COPY public.ems_energy_saving_project (id, name, plan, implementation_plan, current_work, liable_person, saving_amount, completion_time, status, remark, created_at, updated_at) FROM stdin;
\.


--
-- Data for Name: ems_energy_type; Type: TABLE DATA; Schema: public; Owner: postgres
--

COPY public.ems_energy_type (id, created_at, updated_at, category, code, coefficient, color, default_price, emission_factor, icon, name, remark, sort_order, status, storable, unit) FROM stdin;
44	2026-03-22 12:43:38.698189	2026-03-22 12:43:38.698189	\N	ELECTRIC	0.1229	\N	\N	0.5703	\N	电力	\N	0	0	f	kWh
45	2026-03-22 12:43:38.712331	2026-03-22 12:43:38.712331	\N	WATER	0.0857	\N	\N	0.0000	\N	水	\N	0	0	f	m³
46	2026-03-22 12:43:38.715393	2026-03-22 12:43:38.715393	\N	GAS	1.3300	\N	\N	2.1622	\N	天然气	\N	0	0	f	m³
\.


--
-- Data for Name: ems_energy_unit; Type: TABLE DATA; Schema: public; Owner: postgres
--

COPY public.ems_energy_unit (id, created_at, updated_at, code, level, name, remark, sort_order, status, parent_id, rated_current, rated_power, unit_type, voltage_level) FROM stdin;
128	2026-03-22 12:43:38.720199	2026-03-22 12:43:38.720199	HW-ROOT	0	华味食品	\N	0	0	\N	\N	\N	GENERAL	\N
129	2026-03-22 12:43:38.727231	2026-03-22 12:43:38.727231	HW-SC	1	生产车间	\N	0	0	128	\N	\N	GENERAL	\N
130	2026-03-22 12:43:38.790741	2026-03-22 12:43:38.790741	HW-SC-PL	2	配料工段	\N	0	0	129	\N	\N	PROCESS	\N
131	2026-03-22 12:43:38.809021	2026-03-22 12:43:38.809021	HW-SC-HB	2	烘焙工段	\N	0	0	129	\N	\N	PROCESS	\N
132	2026-03-22 12:43:38.858367	2026-03-22 12:43:38.858367	HW-SC-BZ	2	包装工段	\N	0	0	129	\N	\N	PROCESS	\N
133	2026-03-22 12:43:38.873463	2026-03-22 12:43:38.873463	HW-LK	1	冷库	\N	0	0	128	\N	\N	GENERAL	\N
134	2026-03-22 12:43:38.915129	2026-03-22 12:43:38.915129	HW-PDR	1	配电房	\N	0	0	128	\N	\N	GENERAL	\N
135	2026-03-22 12:43:38.936175	2026-03-22 12:43:38.936175	HW-GY	1	公用设施	\N	0	0	128	\N	\N	GENERAL	\N
136	2026-03-22 12:43:38.957805	2026-03-22 12:43:38.957805	HW-GY-KY	2	空压站	\N	0	0	135	\N	\N	GENERAL	\N
137	2026-03-22 12:43:38.974805	2026-03-22 12:43:38.974805	HW-GY-SS	2	给水站	\N	0	0	135	\N	\N	GENERAL	\N
138	2026-03-22 12:43:38.984673	2026-03-22 12:43:38.984673	HW-OFC	1	办公楼	\N	0	0	128	\N	\N	GENERAL	\N
139	2026-03-22 12:43:39.003711	2026-03-22 12:43:39.003711	HW-ST	1	食堂	\N	0	0	128	\N	\N	GENERAL	\N
\.


--
-- Data for Name: ems_energy_unit_point; Type: TABLE DATA; Schema: public; Owner: postgres
--

COPY public.ems_energy_unit_point (meter_point_id, energy_unit_id) FROM stdin;
193	129
194	129
195	129
196	129
197	129
198	129
199	129
200	129
201	130
202	130
203	131
204	131
205	131
206	131
207	131
208	132
209	132
210	133
211	133
212	133
213	133
214	133
215	133
216	133
217	134
218	134
219	134
220	134
221	136
222	136
223	137
224	138
225	138
226	138
227	138
228	139
229	139
\.


--
-- Data for Name: ems_equipment; Type: TABLE DATA; Schema: public; Owner: postgres
--

COPY public.ems_equipment (id, created_at, updated_at, code, location, manufacturer, model_number, name, rated_power, remark, sort_order, status, type, energy_unit_id) FROM stdin;
39	2026-03-22 12:43:38.794335	2026-03-22 12:43:38.794335	EQ-MIXER-01	配料间	广州银鹰	银鹰 HMJ-50	搅拌机	37.00	\N	0	0	搅拌设备	130
40	2026-03-22 12:43:38.811866	2026-03-22 12:43:38.811866	EQ-OVEN-01	烘焙间	无锡新麦	新麦 SM-710E	1号烤箱	55.00	\N	0	0	烘焙设备	131
41	2026-03-22 12:43:38.824874	2026-03-22 12:43:38.824874	EQ-OVEN-02	烘焙间	无锡新麦	新麦 SM-710E	2号烤箱	55.00	\N	0	0	烘焙设备	131
42	2026-03-22 12:43:38.862291	2026-03-22 12:43:38.862291	EQ-PACK-01	包装间	佛山博宇	博宇 BZ-400	自动包装线	18.00	\N	0	0	包装设备	132
43	2026-03-22 12:43:38.880069	2026-03-22 12:43:38.880069	EQ-COMP-01	冷库机房	比泽尔	比泽尔 4HE-18Y	1号冷冻压缩机	37.00	\N	0	0	制冷设备	133
44	2026-03-22 12:43:38.891186	2026-03-22 12:43:38.891186	EQ-COMP-02	冷库机房	比泽尔	比泽尔 4HE-18Y	2号冷冻压缩机	37.00	\N	0	0	制冷设备	133
45	2026-03-22 12:43:38.965279	2026-03-22 12:43:38.965279	EQ-COMP-AIR-01	空压站	阿特拉斯·科普柯	阿特拉斯 GA30	螺杆空压机	30.00	\N	0	0	空压设备	136
\.


--
-- Data for Name: ems_gateway; Type: TABLE DATA; Schema: public; Owner: postgres
--

COPY public.ems_gateway (id, created_at, updated_at, code, install_location, ip_address, last_heartbeat, manufacturer, model, name, remark, run_status, status, energy_unit_id, cpu_usage, mem_usage) FROM stdin;
23	2026-03-22 12:43:38.731801	2026-03-22 12:43:38.731801	GW-001	生产车间配电柜旁	192.168.1.10	\N	映翰通	映翰通 IR915	生产车间网关	\N	UNKNOWN	0	129	\N	\N
24	2026-03-22 12:43:38.876498	2026-03-22 12:43:38.876498	GW-002	冷库控制室		\N	有人物联网	有人 USR-G786	冷库网关	\N	UNKNOWN	0	133	\N	\N
25	2026-03-22 12:43:38.91807	2026-03-22 12:43:38.91807	GW-PDR	配电房	192.168.1.100	\N	有人物联网	有人 USR-TCP232	配电房串口服务器	\N	UNKNOWN	0	134	\N	\N
26	2026-03-22 12:43:38.961558	2026-03-22 12:43:38.961558	GW-KY	空压站	192.168.1.101	\N	有人物联网	有人 USR-TCP232	空压站串口服务器	\N	UNKNOWN	0	136	\N	\N
27	2026-03-22 12:43:38.976881	2026-03-22 12:43:38.976881	GW-SS	厂区进水总管旁	192.168.1.102	\N	有人物联网	有人 USR-TCP232	给水站串口服务器	\N	UNKNOWN	0	137	\N	\N
\.


--
-- Data for Name: ems_knowledge_article; Type: TABLE DATA; Schema: public; Owner: postgres
--

COPY public.ems_knowledge_article (id, author, category, content, energy_type_id, sort_order, status, summary, title, view_count, created_at, updated_at) FROM stdin;
\.


--
-- Data for Name: ems_meter; Type: TABLE DATA; Schema: public; Owner: postgres
--

COPY public.ems_meter (id, created_at, updated_at, check_cycle, code, location, manufacturer, max_power, measure_range, model_number, name, person_charge, putrun_time, remark, reminder_cycle, start_time, status, type, wire_diameter, energy_type_id, comm_params, data_source_id, equipment_id, gateway_id, energy_unit_id) FROM stdin;
101	2026-03-22 12:43:38.750943	2026-03-22 12:43:38.750943	\N	MTR-ACR220-001	生产车间总配电柜	安科瑞	\N	\N	安科瑞 ACR220EL	生产车间总电表	\N	\N	\N	\N	\N	0	多功能电力仪表	\N	44	\N	28	\N	23	129
102	2026-03-22 12:43:38.777962	2026-03-22 12:43:38.777962	\N	MTR-WATER-001	车间进水管	宁波水表	\N	\N	宁水 LXLC-50	生产车间水表	\N	\N	\N	\N	\N	0	远传水表	\N	45	\N	29	\N	23	129
103	2026-03-22 12:43:38.799194	2026-03-22 12:43:38.799194	\N	MTR-ACR120-001	配料间配电箱	安科瑞	\N	\N	安科瑞 ACR120EL	搅拌机电表	\N	\N	\N	\N	\N	0	电力仪表	\N	44	\N	28	39	23	130
104	2026-03-22 12:43:38.814643	2026-03-22 12:43:38.814643	\N	MTR-ACR120-002	烘焙间配电箱	安科瑞	\N	\N	安科瑞 ACR120EL	1号烤箱电表	\N	\N	\N	\N	\N	0	电力仪表	\N	44	\N	28	40	23	131
105	2026-03-22 12:43:38.830585	2026-03-22 12:43:38.830585	\N	MTR-ACR120-003	烘焙间配电箱	安科瑞	\N	\N	安科瑞 ACR120EL	2号烤箱电表	\N	\N	\N	\N	\N	0	电力仪表	\N	44	\N	28	41	23	131
106	2026-03-22 12:43:38.848347	2026-03-22 12:43:38.848347	\N	MTR-GAS-001	烘焙间燃气管道	金卡智能	\N	\N	金卡 IC-G16	烘焙工段天然气表	\N	\N	\N	\N	\N	0	燃气表	\N	46	\N	29	\N	23	131
107	2026-03-22 12:43:38.864863	2026-03-22 12:43:38.864863	\N	MTR-ACR120-004	包装间配电箱	安科瑞	\N	\N	安科瑞 ACR120EL	包装线电表	\N	\N	\N	\N	\N	0	电力仪表	\N	44	\N	28	42	23	132
108	2026-03-22 12:43:38.88302	2026-03-22 12:43:38.88302	\N	MTR-ACR120-005	冷库配电柜	安科瑞	\N	\N	安科瑞 ACR120EL	1号压缩机电表	\N	\N	\N	\N	\N	0	电力仪表	\N	44	\N	30	43	24	133
109	2026-03-22 12:43:38.893499	2026-03-22 12:43:38.893499	\N	MTR-ACR120-006	冷库配电柜	安科瑞	\N	\N	安科瑞 ACR120EL	2号压缩机电表	\N	\N	\N	\N	\N	0	电力仪表	\N	44	\N	30	44	24	133
110	2026-03-22 12:43:38.898051	2026-03-22 12:43:38.898051	\N	MTR-ACR220-002	冷库配电柜	安科瑞	\N	\N	安科瑞 ACR220EL	冷库总电表	\N	\N	\N	\N	\N	0	多功能电力仪表	\N	44	\N	30	\N	24	133
111	2026-03-22 12:43:38.905097	2026-03-22 12:43:38.905097	\N	MTR-TEMP-001	冷库内部	海康威视	\N	\N	海康 DS-1	冷库温度传感器	\N	\N	\N	\N	\N	0	温湿度传感器	\N	\N	\N	30	\N	24	133
112	2026-03-22 12:43:38.920975	2026-03-22 12:43:38.920975	\N	MTR-PD194-001	10kV 高压配电柜	正泰电器	\N	\N	正泰 PD194E-9S4	高压进线总表	\N	\N	\N	\N	\N	0	多功能电力仪表	\N	44	{"slaveId":1}	31	\N	25	134
113	2026-03-22 12:43:38.96741	2026-03-22 12:43:38.96741	\N	MTR-ACR120-007	空压站配电箱	威胜集团	\N	\N	威胜 DSSD331	空压机电表	\N	\N	\N	\N	\N	0	电力仪表	\N	44	{"slaveId":1}	32	45	26	136
114	2026-03-22 12:43:38.979779	2026-03-22 12:43:38.979779	\N	MTR-WATER-010	厂区进水总管	宁波水表	\N	\N	宁水 LXLC-80	全厂总水表	\N	\N	\N	\N	\N	0	远传水表	\N	45	{"slaveId":1}	33	\N	27	137
115	2026-03-22 12:43:38.986619	2026-03-22 12:43:38.986619	\N	MTR-BMS-001	办公楼配电间	\N	\N	\N	物业系统内置	办公楼总电表	\N	\N	\N	\N	\N	0	电力仪表	\N	44	\N	\N	\N	\N	138
116	2026-03-22 12:43:38.996123	2026-03-22 12:43:38.996123	\N	MTR-BMS-002	办公楼空调机房	\N	\N	\N	物业系统内置	中央空调电表	\N	\N	\N	\N	\N	0	电力仪表	\N	44	\N	\N	\N	\N	138
117	2026-03-22 12:43:39.005538	2026-03-22 12:43:39.005538	\N	MTR-BMS-003	食堂配电箱	\N	\N	\N	物业系统内置	食堂电表	\N	\N	\N	\N	\N	0	电力仪表	\N	44	\N	\N	\N	\N	139
118	2026-03-22 12:43:39.009188	2026-03-22 12:43:39.009188	\N	MTR-BMS-GAS-001	食堂燃气管道	\N	\N	\N	物业系统内置	食堂天然气表	\N	\N	\N	\N	\N	0	燃气表	\N	46	\N	\N	\N	\N	139
\.


--
-- Data for Name: ems_meter_point; Type: TABLE DATA; Schema: public; Owner: postgres
--

COPY public.ems_meter_point (id, created_at, updated_at, category, code, initial_value, max_value, min_value, name, point_type, remark, sort_order, status, step_max, step_min, unit, energy_type_id, meter_id, acquisition_params, measure_type) FROM stdin;
193	2026-03-22 12:43:38.758129	2026-03-22 12:43:38.758129	ENERGY	HW-E-001	\N	\N	\N	车间总表正向有功电能	COLLECT	\N	0	0	\N	\N	kWh	44	101	\N	\N
194	2026-03-22 12:43:38.763402	2026-03-22 12:43:38.763402	OPERATION	HW-E-002	\N	\N	\N	车间总表A相电压	COLLECT	\N	0	0	\N	\N	V	44	101	\N	\N
195	2026-03-22 12:43:38.765379	2026-03-22 12:43:38.765379	OPERATION	HW-E-003	\N	\N	\N	车间总表B相电压	COLLECT	\N	0	0	\N	\N	V	44	101	\N	\N
196	2026-03-22 12:43:38.767691	2026-03-22 12:43:38.767691	OPERATION	HW-E-004	\N	\N	\N	车间总表C相电压	COLLECT	\N	0	0	\N	\N	V	44	101	\N	\N
197	2026-03-22 12:43:38.770135	2026-03-22 12:43:38.770135	OPERATION	HW-E-005	\N	\N	\N	车间总表A相电流	COLLECT	\N	0	0	\N	\N	A	44	101	\N	\N
198	2026-03-22 12:43:38.773034	2026-03-22 12:43:38.773034	ENERGY	HW-E-006	\N	\N	\N	车间总表有功功率	COLLECT	\N	0	0	\N	\N	kW	44	101	\N	\N
199	2026-03-22 12:43:38.775701	2026-03-22 12:43:38.775701	OPERATION	HW-E-007	\N	\N	\N	车间总表功率因数	COLLECT	\N	0	0	\N	\N		44	101	\N	\N
200	2026-03-22 12:43:38.780109	2026-03-22 12:43:38.780109	ENERGY	HW-W-001	\N	\N	\N	车间用水量	COLLECT	\N	0	0	\N	\N	m³	45	102	\N	\N
201	2026-03-22 12:43:38.802261	2026-03-22 12:43:38.802261	ENERGY	HW-E-010	\N	\N	\N	搅拌机有功电能	COLLECT	\N	0	0	\N	\N	kWh	44	103	\N	\N
202	2026-03-22 12:43:38.804879	2026-03-22 12:43:38.804879	ENERGY	HW-E-011	\N	\N	\N	搅拌机功率	COLLECT	\N	0	0	\N	\N	kW	44	103	\N	\N
203	2026-03-22 12:43:38.817236	2026-03-22 12:43:38.817236	ENERGY	HW-E-020	\N	\N	\N	1号烤箱有功电能	COLLECT	\N	0	0	\N	\N	kWh	44	104	\N	\N
204	2026-03-22 12:43:38.819912	2026-03-22 12:43:38.819912	ENERGY	HW-E-021	\N	\N	\N	1号烤箱功率	COLLECT	\N	0	0	\N	\N	kW	44	104	\N	\N
205	2026-03-22 12:43:38.835674	2026-03-22 12:43:38.835674	ENERGY	HW-E-022	\N	\N	\N	2号烤箱有功电能	COLLECT	\N	0	0	\N	\N	kWh	44	105	\N	\N
206	2026-03-22 12:43:38.842609	2026-03-22 12:43:38.842609	ENERGY	HW-E-023	\N	\N	\N	2号烤箱功率	COLLECT	\N	0	0	\N	\N	kW	44	105	\N	\N
207	2026-03-22 12:43:38.852228	2026-03-22 12:43:38.852228	ENERGY	HW-G-001	\N	\N	\N	天然气用量	COLLECT	\N	0	0	\N	\N	m³	46	106	\N	\N
208	2026-03-22 12:43:38.867304	2026-03-22 12:43:38.867304	ENERGY	HW-E-030	\N	\N	\N	包装线有功电能	COLLECT	\N	0	0	\N	\N	kWh	44	107	\N	\N
209	2026-03-22 12:43:38.869342	2026-03-22 12:43:38.869342	ENERGY	HW-E-031	\N	\N	\N	包装线功率	COLLECT	\N	0	0	\N	\N	kW	44	107	\N	\N
210	2026-03-22 12:43:38.886542	2026-03-22 12:43:38.886542	ENERGY	HW-E-042	\N	\N	\N	1号压缩机电能	COLLECT	\N	0	0	\N	\N	kWh	44	108	\N	\N
211	2026-03-22 12:43:38.888805	2026-03-22 12:43:38.888805	ENERGY	HW-E-043	\N	\N	\N	1号压缩机功率	COLLECT	\N	0	0	\N	\N	kW	44	108	\N	\N
212	2026-03-22 12:43:38.895852	2026-03-22 12:43:38.895852	ENERGY	HW-E-044	\N	\N	\N	2号压缩机电能	COLLECT	\N	0	0	\N	\N	kWh	44	109	\N	\N
213	2026-03-22 12:43:38.900197	2026-03-22 12:43:38.900197	ENERGY	HW-E-040	\N	\N	\N	冷库总有功电能	COLLECT	\N	0	0	\N	\N	kWh	44	110	\N	\N
214	2026-03-22 12:43:38.903014	2026-03-22 12:43:38.903014	ENERGY	HW-E-041	\N	\N	\N	冷库总功率	COLLECT	\N	0	0	\N	\N	kW	44	110	\N	\N
215	2026-03-22 12:43:38.9075	2026-03-22 12:43:38.9075	OPERATION	HW-T-001	\N	\N	\N	冷冻库温度	COLLECT	\N	0	0	\N	\N	℃	\N	111	\N	\N
216	2026-03-22 12:43:38.909686	2026-03-22 12:43:38.909686	OPERATION	HW-T-002	\N	\N	\N	冷藏库温度	COLLECT	\N	0	0	\N	\N	℃	\N	111	\N	\N
217	2026-03-22 12:43:38.924779	2026-03-22 12:43:38.924779	ENERGY	HW-E-050	\N	\N	\N	全厂总有功电能	COLLECT	\N	0	0	\N	\N	kWh	44	112	{"address":0,"functionCode":3,"dataType":"float32","byteOrder":"big_endian","scale":1.0,"offset":0.0}	\N
218	2026-03-22 12:43:38.928013	2026-03-22 12:43:38.928013	ENERGY	HW-E-051	\N	\N	\N	全厂总有功功率	COLLECT	\N	0	0	\N	\N	kW	44	112	{"address":2,"functionCode":3,"dataType":"float32","byteOrder":"big_endian","scale":1.0,"offset":0.0}	\N
219	2026-03-22 12:43:38.930242	2026-03-22 12:43:38.930242	OPERATION	HW-E-052	\N	\N	\N	高压进线A相电压	COLLECT	\N	0	0	\N	\N	V	44	112	{"address":4,"functionCode":3,"dataType":"float32","byteOrder":"big_endian","scale":1.0,"offset":0.0}	\N
220	2026-03-22 12:43:38.932526	2026-03-22 12:43:38.932526	OPERATION	HW-E-053	\N	\N	\N	高压进线功率因数	COLLECT	\N	0	0	\N	\N		44	112	{"address":6,"functionCode":3,"dataType":"float32","byteOrder":"big_endian","scale":1.0,"offset":0.0}	\N
221	2026-03-22 12:43:38.969396	2026-03-22 12:43:38.969396	ENERGY	HW-E-060	\N	\N	\N	空压机有功电能	COLLECT	\N	0	0	\N	\N	kWh	44	113	{"address":0,"functionCode":3,"dataType":"float32","byteOrder":"big_endian","scale":1.0,"offset":0.0}	\N
222	2026-03-22 12:43:38.971919	2026-03-22 12:43:38.971919	ENERGY	HW-E-061	\N	\N	\N	空压机功率	COLLECT	\N	0	0	\N	\N	kW	44	113	{"address":2,"functionCode":3,"dataType":"float32","byteOrder":"big_endian","scale":1.0,"offset":0.0}	\N
223	2026-03-22 12:43:38.981829	2026-03-22 12:43:38.981829	ENERGY	HW-W-010	\N	\N	\N	全厂总用水量	COLLECT	\N	0	0	\N	\N	m³	45	114	{"address":0,"functionCode":3,"dataType":"uint32","byteOrder":"big_endian","scale":0.01,"offset":0.0}	\N
224	2026-03-22 12:43:38.988388	2026-03-22 12:43:38.988388	ENERGY	HW-E-070	\N	\N	\N	办公楼有功电能	COLLECT	\N	0	0	\N	\N	kWh	44	115	\N	\N
225	2026-03-22 12:43:38.990169	2026-03-22 12:43:38.990169	ENERGY	HW-E-071	\N	\N	\N	办公楼功率	COLLECT	\N	0	0	\N	\N	kW	44	115	\N	\N
226	2026-03-22 12:43:38.998108	2026-03-22 12:43:38.998108	ENERGY	HW-E-072	\N	\N	\N	空调有功电能	COLLECT	\N	0	0	\N	\N	kWh	44	116	\N	\N
227	2026-03-22 12:43:39.000118	2026-03-22 12:43:39.000118	ENERGY	HW-E-073	\N	\N	\N	空调功率	COLLECT	\N	0	0	\N	\N	kW	44	116	\N	\N
228	2026-03-22 12:43:39.007383	2026-03-22 12:43:39.007383	ENERGY	HW-E-080	\N	\N	\N	食堂有功电能	COLLECT	\N	0	0	\N	\N	kWh	44	117	\N	\N
229	2026-03-22 12:43:39.011072	2026-03-22 12:43:39.011072	ENERGY	HW-G-010	\N	\N	\N	食堂天然气用量	COLLECT	\N	0	0	\N	\N	m³	46	118	\N	\N
\.


--
-- Data for Name: ems_peak_valley_data; Type: TABLE DATA; Schema: public; Owner: postgres
--

COPY public.ems_peak_valley_data (id, cost, created_at, data_time, electricity, energy_unit_id, meter_point_id, period_type, price, time_type) FROM stdin;
\.


--
-- Data for Name: ems_policy; Type: TABLE DATA; Schema: public; Owner: postgres
--

COPY public.ems_policy (id, title, type, department, issuing_date, file_url, summary, status, remark, created_at, updated_at) FROM stdin;
\.


--
-- Data for Name: ems_price_policy; Type: TABLE DATA; Schema: public; Owner: postgres
--

COPY public.ems_price_policy (id, created_at, updated_at, code, is_multi_rate, name, remark, sort_order, status, energy_type_id, effective_end_date, effective_start_date) FROM stdin;
\.


--
-- Data for Name: ems_price_policy_item; Type: TABLE DATA; Schema: public; Owner: postgres
--

COPY public.ems_price_policy_item (id, created_at, updated_at, period_type, price, remark, sort_order, policy_id, end_time, start_time) FROM stdin;
\.


--
-- Data for Name: ems_product; Type: TABLE DATA; Schema: public; Owner: postgres
--

COPY public.ems_product (id, created_at, updated_at, code, name, remark, sort_order, status, type, unit) FROM stdin;
\.


--
-- Data for Name: ems_production_record; Type: TABLE DATA; Schema: public; Owner: postgres
--

COPY public.ems_production_record (id, created_at, updated_at, energy_unit_id, granularity, product_name, quantity, record_date, remark, unit, data_type, product_type) FROM stdin;
\.


--
-- Data for Name: ems_time_period_price; Type: TABLE DATA; Schema: public; Owner: postgres
--

COPY public.ems_time_period_price (id, created_at, updated_at, end_time, period_name, period_type, price, price_policy_id, remark, sort_order, start_time, status) FROM stdin;
\.


--
-- Data for Name: sys_config; Type: TABLE DATA; Schema: public; Owner: postgres
--

COPY public.sys_config (id, created_at, updated_at, config_key, config_name, config_type, config_value, remark) FROM stdin;
\.


--
-- Data for Name: sys_dept; Type: TABLE DATA; Schema: public; Owner: postgres
--

COPY public.sys_dept (id, created_at, updated_at, ancestors, code, email, leader, name, phone, sort_order, status, parent_id, manager_id, description) FROM stdin;
100	2026-02-16 09:22:38.179264	2026-02-16 09:22:38.179264	0	TERRA	admin@terra.com	张三	泰若科技	13800000001	0	0	\N	\N	\N
202	2026-02-19 16:45:04.90434	2026-02-19 16:45:04.90434	\N	\N	\N	\N	研发中心	\N	0	0	100	97	总部研发中心
101	2026-02-16 09:22:38.179264	2026-02-19 17:57:30.44432	null,100	SZ-TERRA	sz@terra.com	李四	深圳分公司	13800000002	1	1	100	\N	\N
103	2026-02-16 09:22:38.179264	2026-02-19 20:19:01.014779	null,100,101	R&D	rd@terra.com	赵六	研发部门	13800000004	1	0	101	96	深圳公司研发部门
205	2026-02-19 20:19:41.451004	2026-02-19 20:19:41.451004	0,100	\N	\N	\N	测试中心	\N	0	0	100	97	全局测试中心
\.


--
-- Data for Name: sys_dict_data; Type: TABLE DATA; Schema: public; Owner: postgres
--

COPY public.sys_dict_data (id, created_at, updated_at, is_default, label, remark, sort_order, status, tag_color, tag_type, type_code, value) FROM stdin;
1	2026-01-16 23:29:55.931083	\N	Y	男	\N	1	0	\N	processing	SYS_USER_SEX	0
2	2026-01-16 23:29:55.931083	\N	N	女	\N	2	0	\N	success	SYS_USER_SEX	1
3	2026-01-16 23:29:55.931083	\N	N	未知	\N	3	0	\N	default	SYS_USER_SEX	2
4	2026-01-16 23:29:55.934998	\N	Y	显示	\N	1	0	\N	processing	SYS_SHOW_HIDE	0
5	2026-01-16 23:29:55.934998	\N	N	隐藏	\N	2	0	\N	error	SYS_SHOW_HIDE	1
6	2026-01-16 23:29:55.935936	\N	Y	正常	\N	1	0	\N	processing	SYS_NORMAL_DISABLE	0
7	2026-01-16 23:29:55.935936	\N	N	停用	\N	2	0	\N	error	SYS_NORMAL_DISABLE	1
8	2026-01-16 23:29:55.936777	\N	Y	正常	\N	1	0	\N	processing	SYS_JOB_STATUS	0
9	2026-01-16 23:29:55.936777	\N	N	暂停	\N	2	0	\N	error	SYS_JOB_STATUS	1
10	2026-01-16 23:29:55.937818	\N	Y	默认	\N	1	0	\N	default	SYS_JOB_GROUP	DEFAULT
11	2026-01-16 23:29:55.937818	\N	N	系统	\N	2	0	\N	processing	SYS_JOB_GROUP	SYSTEM
12	2026-01-16 23:29:55.938778	\N	Y	是	\N	1	0	\N	processing	SYS_YES_NO	Y
13	2026-01-16 23:29:55.938778	\N	N	否	\N	2	0	\N	error	SYS_YES_NO	N
14	2026-01-16 23:29:55.93944	\N	Y	通知	\N	1	0	\N	warning	SYS_NOTICE_TYPE	1
15	2026-01-16 23:29:55.93944	\N	N	公告	\N	2	0	\N	success	SYS_NOTICE_TYPE	2
16	2026-01-16 23:29:55.940013	\N	Y	正常	\N	1	0	\N	processing	SYS_NOTICE_STATUS	0
17	2026-01-16 23:29:55.940013	\N	N	关闭	\N	2	0	\N	error	SYS_NOTICE_STATUS	1
18	2026-01-16 23:29:55.940641	\N	N	新增	\N	1	0	\N	success	SYS_OPER_TYPE	1
19	2026-01-16 23:29:55.940641	\N	N	修改	\N	2	0	\N	processing	SYS_OPER_TYPE	2
20	2026-01-16 23:29:55.940641	\N	N	删除	\N	3	0	\N	error	SYS_OPER_TYPE	3
21	2026-01-16 23:29:55.940641	\N	N	授权	\N	4	0	\N	processing	SYS_OPER_TYPE	4
22	2026-01-16 23:29:55.940641	\N	N	导出	\N	5	0	\N	warning	SYS_OPER_TYPE	5
23	2026-01-16 23:29:55.940641	\N	N	导入	\N	6	0	\N	warning	SYS_OPER_TYPE	6
24	2026-01-16 23:29:55.940641	\N	N	强退	\N	7	0	\N	error	SYS_OPER_TYPE	7
25	2026-01-16 23:29:55.940641	\N	N	生成代码	\N	8	0	\N	warning	SYS_OPER_TYPE	8
26	2026-01-16 23:29:55.940641	\N	N	清空数据	\N	9	0	\N	error	SYS_OPER_TYPE	9
27	2026-01-16 23:29:55.941242	\N	Y	成功	\N	1	0	\N	success	SYS_COMMON_STATUS	0
28	2026-01-16 23:29:55.941242	\N	N	失败	\N	2	0	\N	error	SYS_COMMON_STATUS	1
29	2026-01-16 23:29:55.94178	\N	Y	是	\N	1	0	\N	processing	SYS_IS_DEFAULT	Y
30	2026-01-16 23:29:55.94178	\N	N	否	\N	2	0	\N	default	SYS_IS_DEFAULT	N
31	2026-01-16 23:29:55.94232	\N	Y	启用	\N	1	0	\N	success	SYS_IS_ENABLE	Y
32	2026-01-16 23:29:55.94232	\N	N	停用	\N	2	0	\N	error	SYS_IS_ENABLE	N
33	2026-01-16 23:29:55.942869	\N	N	千瓦时	\N	1	0	\N	default	SYS_UNIT	kWh
34	2026-01-16 23:29:55.942869	\N	N	千瓦	\N	2	0	\N	default	SYS_UNIT	kW
35	2026-01-16 23:29:55.942869	\N	N	安培	\N	3	0	\N	default	SYS_UNIT	A
36	2026-01-16 23:29:55.942869	\N	N	毫安	\N	4	0	\N	default	SYS_UNIT	mA
37	2026-01-16 23:29:55.942869	\N	N	伏特	\N	5	0	\N	default	SYS_UNIT	V
38	2026-01-16 23:29:55.942869	\N	N	千伏	\N	6	0	\N	default	SYS_UNIT	kV
39	2026-01-16 23:29:55.942869	\N	N	千乏	\N	7	0	\N	default	SYS_UNIT	kVAR
40	2026-01-16 23:29:55.942869	\N	N	伏安	\N	8	0	\N	default	SYS_UNIT	VA
41	2026-01-16 23:29:55.942869	\N	N	赫兹	\N	9	0	\N	default	SYS_UNIT	Hz
42	2026-01-16 23:29:55.942869	\N	N	立方米	\N	10	0	\N	default	SYS_UNIT	m³
43	2026-01-16 23:29:55.942869	\N	N	立方米/小时	\N	11	0	\N	default	SYS_UNIT	m³/h
44	2026-01-16 23:29:55.942869	\N	N	标准立方米	\N	12	0	\N	default	SYS_UNIT	Nm³
45	2026-01-16 23:29:55.942869	\N	N	标准立方米/小时	\N	13	0	\N	default	SYS_UNIT	Nm³/h
46	2026-01-16 23:29:55.942869	\N	N	吨	\N	14	0	\N	default	SYS_UNIT	t
47	2026-01-16 23:29:55.942869	\N	N	千克	\N	15	0	\N	default	SYS_UNIT	kg
48	2026-01-16 23:29:55.942869	\N	N	吨/小时	\N	16	0	\N	default	SYS_UNIT	t/h
49	2026-01-16 23:29:55.942869	\N	N	千克/小时	\N	17	0	\N	default	SYS_UNIT	kg/h
50	2026-01-16 23:29:55.942869	\N	N	千克/立方米	\N	18	0	\N	default	SYS_UNIT	kg/m³
51	2026-01-16 23:29:55.942869	\N	N	兆帕	\N	19	0	\N	default	SYS_UNIT	MPa
52	2026-01-16 23:29:55.942869	\N	N	千帕	\N	20	0	\N	default	SYS_UNIT	kPa
53	2026-01-16 23:29:55.942869	\N	N	帕	\N	21	0	\N	default	SYS_UNIT	Pa
54	2026-01-16 23:29:55.942869	\N	N	摄氏度	\N	22	0	\N	default	SYS_UNIT	℃
55	2026-01-16 23:29:55.942869	\N	N	华氏度	\N	23	0	\N	default	SYS_UNIT	℉
56	2026-01-16 23:29:55.942869	\N	N	相对湿度	\N	24	0	\N	default	SYS_UNIT	%RH
57	2026-01-16 23:29:55.942869	\N	N	百分比	\N	25	0	\N	default	SYS_UNIT	%
58	2026-01-16 23:29:55.942869	\N	N	元	\N	26	0	\N	default	SYS_UNIT	RMB
59	2026-01-16 23:29:55.942869	\N	N	个	\N	27	0	\N	default	SYS_UNIT	N
60	2026-01-16 23:29:55.942869	\N	N	小时	\N	28	0	\N	default	SYS_UNIT	hour
61	2026-01-16 23:29:55.942869	\N	N	次	\N	29	0	\N	default	SYS_UNIT	times
62	2026-01-16 23:29:55.942869	\N	N	吨标准煤	\N	30	0	\N	default	SYS_UNIT	tce
63	2026-01-16 23:29:55.942869	\N	N	千克标准煤/吨	\N	31	0	\N	default	SYS_UNIT	kgce/t
64	2026-01-16 23:29:55.944376	\N	N	尖	\N	1	0	\N	error	ELECTRICITY_PRICE	SHARP
65	2026-01-16 23:29:55.944376	\N	N	峰	\N	2	0	\N	warning	ELECTRICITY_PRICE	PEAK
66	2026-01-16 23:29:55.944376	\N	N	平	\N	3	0	\N	success	ELECTRICITY_PRICE	FLAT
67	2026-01-16 23:29:55.944376	\N	N	谷	\N	4	0	\N	default	ELECTRICITY_PRICE	VALLEY
68	2026-01-16 23:29:55.944376	\N	N	深谷	\N	5	0	\N	processing	ELECTRICITY_PRICE	DEEP
69	2026-01-16 23:29:55.944868	\N	Y	能源类指标	\N	1	0	\N	processing	INDEX_CATEGORY	1
70	2026-01-16 23:29:55.944868	\N	N	产品类指标	\N	2	0	\N	success	INDEX_CATEGORY	2
71	2026-01-16 23:29:55.944868	\N	N	能效类指标	\N	3	0	\N	warning	INDEX_CATEGORY	3
72	2026-01-16 23:29:55.944868	\N	N	经营类指标	\N	4	0	\N	default	INDEX_CATEGORY	4
73	2026-01-16 23:29:55.944868	\N	N	其他	\N	5	0	\N	default	INDEX_CATEGORY	5
74	2026-01-16 23:29:55.945372	\N	Y	电表	\N	1	0	\N	processing	DEVICE_TYPE	1
75	2026-01-16 23:29:55.945372	\N	N	水表	\N	2	0	\N	processing	DEVICE_TYPE	2
76	2026-01-16 23:29:55.945372	\N	N	变频器	\N	3	0	\N	default	DEVICE_TYPE	3
77	2026-01-16 23:29:55.945372	\N	N	温湿度表	\N	4	0	\N	default	DEVICE_TYPE	4
78	2026-01-16 23:29:55.945372	\N	N	压力表	\N	5	0	\N	default	DEVICE_TYPE	5
79	2026-01-16 23:29:55.945372	\N	N	蒸汽表	\N	6	0	\N	default	DEVICE_TYPE	6
80	2026-01-16 23:29:55.945372	\N	N	氮气表	\N	7	0	\N	default	DEVICE_TYPE	7
81	2026-01-16 23:29:55.945372	\N	N	天然气表	\N	10	0	\N	default	DEVICE_TYPE	10
82	2026-01-16 23:29:55.947454	\N	N	使用中	\N	1	0	\N	success	METER_STATUS	1
83	2026-01-16 23:29:55.947454	\N	N	检修中	\N	2	0	\N	warning	METER_STATUS	2
84	2026-01-16 23:29:55.947454	\N	Y	备用	\N	3	0	\N	default	METER_STATUS	3
85	2026-01-16 23:29:55.947918	\N	N	实时数据	\N	1	0	\N	processing	DATA_TYPE	1
86	2026-01-16 23:29:55.947918	\N	N	阶段数据	\N	2	0	\N	success	DATA_TYPE	2
87	2026-01-16 23:29:55.948373	\N	Y	公司	\N	0	0	\N	processing	NODE_CATEGORY	0
88	2026-01-16 23:29:55.948373	\N	N	厂部	\N	1	0	\N	processing	NODE_CATEGORY	1
89	2026-01-16 23:29:55.948373	\N	N	配电室	\N	2	0	\N	default	NODE_CATEGORY	2
90	2026-01-16 23:29:55.948373	\N	N	区域	\N	3	0	\N	default	NODE_CATEGORY	3
91	2026-01-16 23:29:55.948373	\N	N	重点能耗设备	\N	4	0	\N	warning	NODE_CATEGORY	4
92	2026-01-16 23:29:55.948373	\N	N	设备	\N	5	0	\N	default	NODE_CATEGORY	5
93	2026-01-16 23:29:55.948373	\N	N	其他	\N	9	0	\N	default	NODE_CATEGORY	9
94	2026-01-16 23:29:55.948842	\N	Y	一级	\N	1	0	\N	success	FACILITY_GRADE	1
95	2026-01-16 23:29:55.948842	\N	N	二级	\N	2	0	\N	processing	FACILITY_GRADE	2
96	2026-01-16 23:29:55.948842	\N	N	三级	\N	3	0	\N	warning	FACILITY_GRADE	3
97	2026-01-16 23:29:55.948842	\N	N	无	\N	4	0	\N	default	FACILITY_GRADE	4
98	2026-01-16 23:29:55.949343	\N	Y	空压机	\N	1	0	\N	default	FACILITY_TYPE	0
99	2026-01-16 23:29:55.949343	\N	N	电机	\N	2	0	\N	default	FACILITY_TYPE	1
100	2026-01-16 23:29:55.949343	\N	N	风机	\N	3	0	\N	default	FACILITY_TYPE	2
101	2026-01-16 23:29:55.949343	\N	N	水泵	\N	4	0	\N	default	FACILITY_TYPE	3
102	2026-01-16 23:29:55.949343	\N	N	变压器	\N	5	0	\N	default	FACILITY_TYPE	4
103	2026-01-16 23:29:55.949343	\N	N	制冷机	\N	6	0	\N	default	FACILITY_TYPE	5
104	2026-01-16 23:29:55.949343	\N	N	锅炉	\N	7	0	\N	default	FACILITY_TYPE	6
105	2026-01-16 23:29:55.949343	\N	N	输送机	\N	8	0	\N	default	FACILITY_TYPE	7
106	2026-01-16 23:29:55.949343	\N	N	破碎机	\N	9	0	\N	default	FACILITY_TYPE	8
107	2026-01-16 23:29:55.949343	\N	N	其他	\N	10	0	\N	default	FACILITY_TYPE	99
108	2026-01-16 23:29:55.949937	\N	Y	指标配置	\N	1	0	\N	processing	MODEL_TYPE	index
109	2026-01-16 23:29:55.949937	\N	N	仅节点	\N	2	0	\N	default	MODEL_TYPE	node
110	2026-01-16 23:29:55.950363	\N	Y	实时	\N	0	0	\N	processing	WARN_TIME_SLOT	LIVE
111	2026-01-16 23:29:55.950363	\N	N	小时	\N	1	0	\N	default	WARN_TIME_SLOT	HOUR
112	2026-01-16 23:29:55.950363	\N	N	天	\N	2	0	\N	default	WARN_TIME_SLOT	DAY
113	2026-01-16 23:29:55.950363	\N	N	月	\N	3	0	\N	default	WARN_TIME_SLOT	MONTH
114	2026-01-16 23:29:55.950363	\N	N	年	\N	4	0	\N	default	WARN_TIME_SLOT	YEAR
115	2026-01-16 23:29:55.950805	\N	Y	预警	\N	1	0	\N	warning	ALARM_TYPE	WARNING
116	2026-01-16 23:29:55.950805	\N	N	报警	\N	2	0	\N	error	ALARM_TYPE	ALARM
117	2026-01-16 23:29:55.951615	\N	N	高	\N	1	0	\N	error	ALARM_LEVEL	1
118	2026-01-16 23:29:55.951615	\N	N	中	\N	2	0	\N	warning	ALARM_LEVEL	2
119	2026-01-16 23:29:55.951615	\N	Y	低	\N	3	0	\N	default	ALARM_LEVEL	3
120	2026-01-16 23:29:55.952042	\N	N	上限	\N	1	0	\N	warning	LIMIT_TYPE	1
121	2026-01-16 23:29:55.952042	\N	N	下限	\N	2	0	\N	processing	LIMIT_TYPE	2
122	2026-01-16 23:29:55.952456	\N	Y	月	\N	1	0	\N	default	TIME_TYPE	MONTH
123	2026-01-16 23:29:55.952456	\N	N	年	\N	2	0	\N	default	TIME_TYPE	YEAR
124	2026-01-16 23:29:55.952909	\N	N	日	\N	1	0	\N	default	DATE_TYPE	DAY
125	2026-01-16 23:29:55.952909	\N	Y	月	\N	2	0	\N	default	DATE_TYPE	MONTH
126	2026-01-16 23:29:55.952909	\N	N	年	\N	3	0	\N	default	DATE_TYPE	YEAR
127	2026-01-16 23:29:55.953352	\N	N	天	\N	1	0	\N	default	PERIOD	DAY
128	2026-01-16 23:29:55.953352	\N	Y	月	\N	2	0	\N	default	PERIOD	MONTH
129	2026-01-16 23:29:55.953352	\N	N	年	\N	3	0	\N	default	PERIOD	YEAR
130	2026-01-16 23:29:55.953883	\N	Y	小时	\N	1	0	\N	default	ENTRY_DATA_TIME	HOUR
131	2026-01-16 23:29:55.953883	\N	N	日	\N	2	0	\N	default	ENTRY_DATA_TIME	DAY
132	2026-01-16 23:29:55.953883	\N	N	月	\N	3	0	\N	default	ENTRY_DATA_TIME	MONTH
133	2026-01-16 23:29:55.953883	\N	N	年	\N	4	0	\N	default	ENTRY_DATA_TIME	YEAR
\.


--
-- Data for Name: sys_dict_type; Type: TABLE DATA; Schema: public; Owner: postgres
--

COPY public.sys_dict_type (id, created_at, updated_at, name, remark, status, type) FROM stdin;
1	2026-01-16 23:29:55.925112	\N	用户性别	用户性别列表	0	SYS_USER_SEX
2	2026-01-16 23:29:55.925112	\N	菜单状态	菜单状态列表	0	SYS_SHOW_HIDE
3	2026-01-16 23:29:55.925112	\N	系统开关	系统开关列表	0	SYS_NORMAL_DISABLE
4	2026-01-16 23:29:55.925112	\N	任务状态	任务状态列表	0	SYS_JOB_STATUS
5	2026-01-16 23:29:55.925112	\N	任务分组	任务分组列表	0	SYS_JOB_GROUP
6	2026-01-16 23:29:55.925112	\N	系统是否	系统是否列表	0	SYS_YES_NO
7	2026-01-16 23:29:55.925112	\N	通知类型	通知类型列表	0	SYS_NOTICE_TYPE
8	2026-01-16 23:29:55.925112	\N	通知状态	通知状态列表	0	SYS_NOTICE_STATUS
9	2026-01-16 23:29:55.925112	\N	操作类型	操作类型列表	0	SYS_OPER_TYPE
10	2026-01-16 23:29:55.925112	\N	系统状态	登录状态列表	0	SYS_COMMON_STATUS
11	2026-01-16 23:29:55.925112	\N	单位管理	单位基础数据	0	SYS_UNIT
12	2026-01-16 23:29:55.925112	\N	是否默认	字典数据是否默认	0	SYS_IS_DEFAULT
13	2026-01-16 23:29:55.925112	\N	是否启用	是否启用开关	0	SYS_IS_ENABLE
20	2026-01-16 23:29:55.925112	\N	尖峰平谷配置	电价类别配置	0	ELECTRICITY_PRICE
21	2026-01-16 23:29:55.925112	\N	指标类型	系统指标类型	0	INDEX_CATEGORY
22	2026-01-16 23:29:55.925112	\N	计量器具类型	计量器具类型	0	DEVICE_TYPE
23	2026-01-16 23:29:55.925112	\N	计量器具状态	计量器具的使用状态	0	METER_STATUS
24	2026-01-16 23:29:55.925112	\N	参数数据类型	标准参数配置数据类型	0	DATA_TYPE
25	2026-01-16 23:29:55.925112	\N	指标节点类型	指标节点分类	0	NODE_CATEGORY
26	2026-01-16 23:29:55.925112	\N	能耗等级	设备档案的能耗等级	0	FACILITY_GRADE
27	2026-01-16 23:29:55.925112	\N	设备类型	设备档案管理的设备类型	0	FACILITY_TYPE
28	2026-01-16 23:29:55.925112	\N	应用模型类型	应用模型类型	0	MODEL_TYPE
30	2026-01-16 23:29:55.925112	\N	预警报警时段	预警报警时段类型	0	WARN_TIME_SLOT
31	2026-01-16 23:29:55.925112	\N	预警报警类型	预警报警类型	0	ALARM_TYPE
32	2026-01-16 23:29:55.925112	\N	报警级别	报警级别	0	ALARM_LEVEL
33	2026-01-16 23:29:55.925112	\N	预报警限值类型	预报警限值类型	0	LIMIT_TYPE
40	2026-01-16 23:29:55.925112	\N	统计时间	统计时间类型	0	TIME_TYPE
41	2026-01-16 23:29:55.925112	\N	用能统计时间	用能统计时间类型	0	DATE_TYPE
42	2026-01-16 23:29:55.925112	\N	期间	数据录入期间类型	0	PERIOD
43	2026-01-16 23:29:55.925112	\N	阶段数据录入时间	阶段数据录入时间类型	0	ENTRY_DATA_TIME
\.


--
-- Data for Name: sys_log; Type: TABLE DATA; Schema: public; Owner: postgres
--

COPY public.sys_log (id, created_at, updated_at, business_type, cost_time, dept_name, error_msg, ip, location, log_type, method, param, request_method, result, status, title, url, username) FROM stdin;
\.


--
-- Data for Name: sys_login_log; Type: TABLE DATA; Schema: public; Owner: postgres
--

COPY public.sys_login_log (id, created_at, updated_at, browser, ipaddr, login_location, login_time, msg, os, status, user_name) FROM stdin;
1	2026-02-10 20:57:31.854348	2026-02-10 20:57:31.854348	Chrome	127.0.0.1	内网IP	\N	验证码错误	OSX	1	unknown
2	2026-02-10 20:57:36.173295	2026-02-10 20:57:36.173295	Chrome	127.0.0.1	内网IP	\N	登录成功	OSX	0	admin
3	2026-02-10 23:21:05.5312	2026-02-10 23:21:05.5312	Chrome	127.0.0.1	内网IP	\N	登录成功	OSX	0	admin
4	2026-02-10 23:28:27.648384	2026-02-10 23:28:27.648384	Chrome	127.0.0.1	内网IP	\N	登录成功	OSX	0	admin
5	2026-02-10 23:28:44.200454	2026-02-10 23:28:44.200454	Chrome	127.0.0.1	内网IP	\N	登录成功	OSX	0	admin
6	2026-02-11 09:11:04.326477	2026-02-11 09:11:04.326477	Chrome	127.0.0.1	内网IP	\N	登录成功	OSX	0	admin
7	2026-02-11 10:55:32.03887	2026-02-11 10:55:32.03887	Chrome	127.0.0.1	内网IP	\N	登录成功	OSX	0	admin
8	2026-02-11 12:45:39.461592	2026-02-11 12:45:39.461592	Chrome	127.0.0.1	内网IP	\N	登录成功	OSX	0	admin
9	2026-02-11 14:03:42.084744	2026-02-11 14:03:42.084744	Chrome	127.0.0.1	内网IP	\N	登录成功	OSX	0	admin
10	2026-02-11 17:34:12.075413	2026-02-11 17:34:12.075413	Chrome	127.0.0.1	内网IP	\N	登录成功	OSX	0	admin
11	2026-02-11 20:52:51.56867	2026-02-11 20:52:51.56867	Chrome	127.0.0.1	内网IP	\N	登录成功	OSX	0	admin
12	2026-02-12 09:31:03.506608	2026-02-12 09:31:03.506608	Chrome	127.0.0.1	内网IP	\N	验证码已失效	OSX	1	unknown
13	2026-02-12 09:31:19.895	2026-02-12 09:31:19.895	Chrome	127.0.0.1	内网IP	\N	登录成功	OSX	0	admin
14	2026-02-15 08:26:50.980441	2026-02-15 08:26:50.980441	Chrome	127.0.0.1	内网IP	\N	登录成功	OSX	0	admin
15	2026-02-15 23:48:30.458804	2026-02-15 23:48:30.458804	Chrome	127.0.0.1	内网IP	\N	验证码错误	OSX	1	unknown
16	2026-02-15 23:48:38.686681	2026-02-15 23:48:38.686681	Chrome	127.0.0.1	内网IP	\N	登录成功	OSX	0	admin
17	2026-02-16 07:57:56.873234	2026-02-16 07:57:56.873234	Chrome	127.0.0.1	内网IP	\N	登录成功	OSX	0	admin
18	2026-02-16 08:28:20.341694	2026-02-16 08:28:20.341694	Chrome	127.0.0.1	内网IP	\N	登录成功	OSX	0	admin
19	2026-02-16 09:07:29.495166	2026-02-16 09:07:29.495166	Chrome	127.0.0.1	内网IP	\N	登录成功	OSX	0	admin
20	2026-02-16 12:20:53.668887	2026-02-16 12:20:53.668887	Chrome	127.0.0.1	内网IP	\N	登录成功	OSX	0	admin
21	2026-02-16 17:04:30.474955	2026-02-16 17:04:30.474955	Chrome	127.0.0.1	内网IP	\N	登录成功	OSX	0	admin
22	2026-02-16 18:30:25.35152	2026-02-16 18:30:25.35152	Chrome	127.0.0.1	内网IP	\N	登录成功	OSX	0	admin
23	2026-02-16 21:04:40.168835	2026-02-16 21:04:40.168835	Chrome	127.0.0.1	内网IP	\N	登录成功	OSX	0	admin
24	2026-02-16 22:50:43.982379	2026-02-16 22:50:43.982379	Chrome	127.0.0.1	内网IP	\N	登录成功	OSX	0	admin
25	2026-02-17 08:15:33.68012	2026-02-17 08:15:33.68012	Chrome	127.0.0.1	内网IP	\N	登录成功	OSX	0	admin
26	2026-02-17 09:11:02.528752	2026-02-17 09:11:02.528752	Chrome	127.0.0.1	内网IP	\N	验证码错误	OSX	1	unknown
27	2026-02-17 09:11:06.495634	2026-02-17 09:11:06.495634	Chrome	127.0.0.1	内网IP	\N	登录成功	OSX	0	admin
28	2026-02-17 10:06:05.832408	2026-02-17 10:06:05.832408	Chrome	127.0.0.1	内网IP	\N	验证码错误	OSX	1	unknown
29	2026-02-17 10:06:10.335206	2026-02-17 10:06:10.335206	Chrome	127.0.0.1	内网IP	\N	登录成功	OSX	0	admin
30	2026-02-17 13:25:31.36109	2026-02-17 13:25:31.36109	Chrome	127.0.0.1	内网IP	\N	登录成功	OSX	0	admin
31	2026-02-17 16:33:53.648276	2026-02-17 16:33:53.648276	Chrome	127.0.0.1	内网IP	\N	登录成功	OSX	0	admin
32	2026-02-17 17:11:04.565389	2026-02-17 17:11:04.565389	Chrome	127.0.0.1	内网IP	\N	登录成功	OSX	0	admin
33	2026-02-17 19:20:06.772346	2026-02-17 19:20:06.772346	Chrome	127.0.0.1	内网IP	\N	登录成功	OSX	0	admin
34	2026-02-17 20:31:25.453482	2026-02-17 20:31:25.453482	Chrome	127.0.0.1	内网IP	\N	登录成功	OSX	0	admin
35	2026-02-17 21:18:40.726846	2026-02-17 21:18:40.726846	Chrome	127.0.0.1	内网IP	\N	登录成功	OSX	0	admin
36	2026-02-17 21:18:47.095045	2026-02-17 21:18:47.095045	Chrome	127.0.0.1	内网IP	\N	登录成功	OSX	0	admin
37	2026-02-17 21:20:20.56686	2026-02-17 21:20:20.56686	Chrome	127.0.0.1	内网IP	\N	登录成功	OSX	0	admin
38	2026-02-17 21:36:06.175448	2026-02-17 21:36:06.175448	Chrome	127.0.0.1	内网IP	\N	用户名或密码错误	OSX	1	unknown
39	2026-02-17 21:36:20.204013	2026-02-17 21:36:20.204013	Chrome	127.0.0.1	内网IP	\N	登录成功	OSX	0	admin
40	2026-02-17 21:43:51.238441	2026-02-17 21:43:51.238441	Chrome	127.0.0.1	内网IP	\N	登录成功	OSX	0	li.hang
41	2026-02-17 21:44:09.264024	2026-02-17 21:44:09.264024	Chrome	127.0.0.1	内网IP	\N	验证码错误	OSX	1	unknown
42	2026-02-17 21:44:14.249747	2026-02-17 21:44:14.249747	Chrome	127.0.0.1	内网IP	\N	登录成功	OSX	0	admin
43	2026-02-17 21:59:02.57311	2026-02-17 21:59:02.57311	Chrome	127.0.0.1	内网IP	\N	登录成功	OSX	0	li.hang
44	2026-02-17 21:59:19.166565	2026-02-17 21:59:19.166565	Chrome	127.0.0.1	内网IP	\N	登录成功	OSX	0	admin
45	2026-02-18 09:37:50.577189	2026-02-18 09:37:50.577189	Chrome	127.0.0.1	内网IP	\N	验证码已失效	OSX	1	unknown
46	2026-02-18 09:37:59.561647	2026-02-18 09:37:59.561647	Chrome	127.0.0.1	内网IP	\N	登录成功	OSX	0	admin
47	2026-02-19 08:36:43.423744	2026-02-19 08:36:43.423744	Chrome	127.0.0.1	内网IP	\N	登录成功	OSX	0	admin
48	2026-02-19 09:52:47.282955	2026-02-19 09:52:47.282955	Chrome	127.0.0.1	内网IP	\N	登录成功	OSX	0	admin
49	2026-02-19 15:25:19.819972	2026-02-19 15:25:19.819972	Chrome	127.0.0.1	内网IP	\N	登录成功	OSX	0	admin
50	2026-02-19 15:29:27.42883	2026-02-19 15:29:27.42883	Chrome	127.0.0.1	内网IP	\N	登录成功	OSX	0	admin
51	2026-02-19 19:56:57.618783	2026-02-19 19:56:57.618783	Chrome	127.0.0.1	内网IP	\N	验证码已失效	OSX	1	unknown
52	2026-02-19 19:57:03.282453	2026-02-19 19:57:03.282453	Chrome	127.0.0.1	内网IP	\N	登录成功	OSX	0	admin
53	2026-02-19 20:38:50.371523	2026-02-19 20:38:50.371523	Chrome	127.0.0.1	内网IP	\N	验证码错误	OSX	1	unknown
54	2026-02-19 20:38:55.625133	2026-02-19 20:38:55.625133	Chrome	127.0.0.1	内网IP	\N	验证码错误	OSX	1	unknown
55	2026-02-19 20:39:01.19193	2026-02-19 20:39:01.19193	Chrome	127.0.0.1	内网IP	\N	登录成功	OSX	0	admin
56	2026-02-19 23:14:18.819749	2026-02-19 23:14:18.819749	Chrome	127.0.0.1	内网IP	\N	登录成功	OSX	0	admin
57	2026-02-20 08:32:18.847397	2026-02-20 08:32:18.847397	Chrome	127.0.0.1	内网IP	\N	登录成功	OSX	0	admin
58	2026-02-20 09:17:01.06448	2026-02-20 09:17:01.06448	Chrome	127.0.0.1	内网IP	\N	验证码错误	OSX	1	unknown
59	2026-02-20 09:17:05.895816	2026-02-20 09:17:05.895816	Chrome	127.0.0.1	内网IP	\N	登录成功	OSX	0	admin
60	2026-02-20 09:46:45.614759	2026-02-20 09:46:45.614759	Chrome	127.0.0.1	内网IP	\N	登录成功	OSX	0	admin
61	2026-02-20 10:53:49.596902	2026-02-20 10:53:49.596902	Chrome	127.0.0.1	内网IP	\N	登录成功	OSX	0	admin
62	2026-02-20 17:38:24.105843	2026-02-20 17:38:24.105843	Chrome	127.0.0.1	内网IP	\N	验证码错误	OSX	1	unknown
63	2026-02-20 17:38:28.874763	2026-02-20 17:38:28.874763	Chrome	127.0.0.1	内网IP	\N	登录成功	OSX	0	admin
64	2026-02-20 17:50:03.14754	2026-02-20 17:50:03.14754	Chrome	127.0.0.1	内网IP	\N	登录成功	OSX	0	admin
65	2026-02-21 09:07:42.114876	2026-02-21 09:07:42.114876	Chrome	127.0.0.1	内网IP	\N	登录成功	OSX	0	admin
66	2026-02-21 13:17:31.904537	2026-02-21 13:17:31.904537	Chrome	127.0.0.1	内网IP	\N	登录成功	OSX	0	admin
67	2026-02-21 17:56:39.364655	2026-02-21 17:56:39.364655	Chrome	127.0.0.1	内网IP	\N	登录成功	OSX	0	admin
68	2026-02-21 21:33:39.473633	2026-02-21 21:33:39.473633	Chrome	127.0.0.1	内网IP	\N	登录成功	OSX	0	admin
69	2026-02-21 22:36:38.099545	2026-02-21 22:36:38.099545	Chrome	127.0.0.1	内网IP	\N	登录成功	OSX	0	admin
70	2026-02-21 23:06:48.702298	2026-02-21 23:06:48.702298	Chrome	127.0.0.1	内网IP	\N	登录成功	OSX	0	admin
71	2026-02-22 00:17:42.69689	2026-02-22 00:17:42.69689	Chrome	127.0.0.1	内网IP	\N	验证码错误	OSX	1	unknown
72	2026-02-22 00:17:46.712741	2026-02-22 00:17:46.712741	Chrome	127.0.0.1	内网IP	\N	登录成功	OSX	0	admin
73	2026-02-22 07:14:22.24298	2026-02-22 07:14:22.24298	Chrome	127.0.0.1	内网IP	\N	登录成功	OSX	0	admin
74	2026-02-22 14:27:08.944128	2026-02-22 14:27:08.944128	Chrome	127.0.0.1	内网IP	\N	验证码错误	OSX	1	unknown
75	2026-02-22 14:27:16.658806	2026-02-22 14:27:16.658806	Chrome	127.0.0.1	内网IP	\N	登录成功	OSX	0	admin
76	2026-02-23 16:05:34.942705	2026-02-23 16:05:34.942705	Chrome	127.0.0.1	内网IP	\N	登录成功	OSX	0	admin
77	2026-02-23 16:14:22.193365	2026-02-23 16:14:22.193365	Chrome	127.0.0.1	内网IP	\N	验证码错误	OSX	1	unknown
78	2026-02-23 16:14:28.406156	2026-02-23 16:14:28.406156	Chrome	127.0.0.1	内网IP	\N	登录成功	OSX	0	admin
79	2026-02-23 16:29:45.642084	2026-02-23 16:29:45.642084	Chrome	127.0.0.1	内网IP	\N	登录成功	OSX	0	admin
80	2026-02-23 16:35:02.656218	2026-02-23 16:35:02.656218	Chrome	127.0.0.1	内网IP	\N	登录成功	OSX	0	admin
81	2026-02-23 16:42:34.277662	2026-02-23 16:42:34.277662	Chrome	127.0.0.1	内网IP	\N	登录成功	OSX	0	admin
82	2026-02-23 16:57:18.625398	2026-02-23 16:57:18.625398	Chrome	127.0.0.1	内网IP	\N	登录成功	OSX	0	admin
83	2026-02-23 17:02:01.516917	2026-02-23 17:02:01.516917	Chrome	127.0.0.1	内网IP	\N	登录成功	OSX	0	admin
84	2026-02-23 17:13:05.425128	2026-02-23 17:13:05.425128	Chrome	127.0.0.1	内网IP	\N	登录成功	OSX	0	admin
85	2026-02-23 17:28:06.751839	2026-02-23 17:28:06.751839	Chrome	127.0.0.1	内网IP	\N	验证码错误	OSX	1	unknown
86	2026-02-23 17:28:12.639473	2026-02-23 17:28:12.639473	Chrome	127.0.0.1	内网IP	\N	登录成功	OSX	0	admin
87	2026-02-23 22:14:27.132984	2026-02-23 22:14:27.132984	Chrome	127.0.0.1	内网IP	\N	登录成功	OSX	0	admin
88	2026-02-24 08:10:55.862512	2026-02-24 08:10:55.862512	Chrome	127.0.0.1	内网IP	\N	登录成功	OSX	0	admin
89	2026-02-25 21:25:17.435765	2026-02-25 21:25:17.435765	Chrome	127.0.0.1	内网IP	\N	登录成功	OSX	0	admin
90	2026-02-25 23:09:07.847061	2026-02-25 23:09:07.847061	Chrome	127.0.0.1	内网IP	\N	登录成功	OSX	0	admin
91	2026-02-25 23:30:00.505054	2026-02-25 23:30:00.505054	Chrome	127.0.0.1	内网IP	\N	验证码已失效	OSX	1	unknown
92	2026-02-25 23:30:07.824484	2026-02-25 23:30:07.824484	Chrome	127.0.0.1	内网IP	\N	登录成功	OSX	0	admin
93	2026-02-25 23:50:21.006666	2026-02-25 23:50:21.006666	Chrome	127.0.0.1	内网IP	\N	登录成功	OSX	0	admin
94	2026-02-26 00:25:38.657948	2026-02-26 00:25:38.657948	Chrome	127.0.0.1	内网IP	\N	登录成功	OSX	0	admin
95	2026-02-26 07:12:46.812176	2026-02-26 07:12:46.812176	Chrome	127.0.0.1	内网IP	\N	验证码错误	OSX	1	unknown
96	2026-02-26 07:12:50.89965	2026-02-26 07:12:50.89965	Chrome	127.0.0.1	内网IP	\N	登录成功	OSX	0	admin
97	2026-02-26 08:23:45.424514	2026-02-26 08:23:45.424514	Chrome	127.0.0.1	内网IP	\N	登录成功	OSX	0	admin
98	2026-02-26 20:59:07.730377	2026-02-26 20:59:07.730377	Chrome	127.0.0.1	内网IP	2026-02-26 20:59:07.728153	登录成功	OSX	0	admin
99	2026-02-26 23:16:20.518835	2026-02-26 23:16:20.518835	Chrome	127.0.0.1	内网IP	2026-02-26 23:16:20.510475	验证码已失效	OSX	1	unknown
100	2026-02-26 23:16:24.859472	2026-02-26 23:16:24.859472	Chrome	127.0.0.1	内网IP	2026-02-26 23:16:24.859136	登录成功	OSX	0	admin
101	2026-02-26 23:26:59.845761	2026-02-26 23:26:59.845761	Chrome	127.0.0.1	内网IP	2026-02-26 23:26:59.845405	登录成功	OSX	0	admin
102	2026-02-26 23:35:29.367526	2026-02-26 23:35:29.367526	Chrome	127.0.0.1	内网IP	2026-02-26 23:35:29.366915	登录成功	OSX	0	admin
103	2026-02-27 06:49:09.146319	2026-02-27 06:49:09.146319	Chrome	127.0.0.1	内网IP	2026-02-27 06:49:09.145763	登录成功	OSX	0	admin
104	2026-03-01 20:32:11.203241	2026-03-01 20:32:11.203241	Chrome	127.0.0.1	内网IP	2026-03-01 20:32:11.201947	登录成功	OSX	0	admin
105	2026-03-01 20:33:58.038097	2026-03-01 20:33:58.038097	Chrome	127.0.0.1	内网IP	2026-03-01 20:33:58.037797	登录成功	OSX	0	admin
106	2026-03-01 21:44:59.146492	2026-03-01 21:44:59.146492	Chrome	127.0.0.1	内网IP	2026-03-01 21:44:59.136975	验证码错误	OSX	1	unknown
107	2026-03-01 21:45:08.47521	2026-03-01 21:45:08.47521	Chrome	127.0.0.1	内网IP	2026-03-01 21:45:08.474915	登录成功	OSX	0	admin
108	2026-03-01 21:45:15.978793	2026-03-01 21:45:15.978793	Chrome	127.0.0.1	内网IP	2026-03-01 21:45:15.978483	登录成功	OSX	0	admin
109	2026-03-01 21:51:23.40037	2026-03-01 21:51:23.40037	Unknown	127.0.0.1	内网IP	2026-03-01 21:51:23.391697	验证码已失效	Unknown	1	unknown
110	2026-03-01 21:53:23.498859	2026-03-01 21:53:23.498859	Chrome	127.0.0.1	内网IP	2026-03-01 21:53:23.498489	登录成功	OSX	0	admin
111	2026-03-01 21:54:11.121697	2026-03-01 21:54:11.121697	Chrome	127.0.0.1	内网IP	2026-03-01 21:54:11.121439	登录成功	OSX	0	admin
112	2026-03-02 23:29:45.644659	2026-03-02 23:29:45.644659	Chrome	127.0.0.1	内网IP	2026-03-02 23:29:45.643623	用户名或密码错误	OSX	1	unknown
113	2026-03-02 23:36:32.739701	2026-03-02 23:36:32.739701	Chrome	127.0.0.1	内网IP	2026-03-02 23:36:32.73669	用户名或密码错误	OSX	1	unknown
114	2026-03-02 23:50:36.627627	2026-03-02 23:50:36.627627	Chrome	127.0.0.1	内网IP	2026-03-02 23:50:36.619738	验证码已失效	OSX	1	unknown
115	2026-03-02 23:50:45.936747	2026-03-02 23:50:45.936747	Chrome	127.0.0.1	内网IP	2026-03-02 23:50:45.936338	登录成功	OSX	0	admin
116	2026-03-03 07:01:07.232051	2026-03-03 07:01:07.232051	Chrome	127.0.0.1	内网IP	2026-03-03 07:01:07.225093	验证码错误	OSX	1	unknown
117	2026-03-03 07:01:35.068847	2026-03-03 07:01:35.068847	Chrome	127.0.0.1	内网IP	2026-03-03 07:01:35.068181	登录成功	OSX	0	admin
118	2026-03-03 07:32:19.492342	2026-03-03 07:32:19.492342	Chrome	127.0.0.1	内网IP	2026-03-03 07:32:19.491883	登录成功	OSX	0	admin
119	2026-03-03 20:40:22.937882	2026-03-03 20:40:22.937882	Chrome	127.0.0.1	内网IP	2026-03-03 20:40:22.93722	登录成功	OSX	0	admin
120	2026-03-03 21:02:27.15322	2026-03-03 21:02:27.15322	Chrome	127.0.0.1	内网IP	2026-03-03 21:02:27.141109	验证码已失效	OSX	1	unknown
121	2026-03-03 21:02:35.868933	2026-03-03 21:02:35.868933	Chrome	127.0.0.1	内网IP	2026-03-03 21:02:35.868593	登录成功	OSX	0	admin
122	2026-03-03 21:33:45.798199	2026-03-03 21:33:45.798199	Chrome	127.0.0.1	内网IP	2026-03-03 21:33:45.779951	验证码已失效	OSX	1	unknown
123	2026-03-03 21:33:50.914275	2026-03-03 21:33:50.914275	Chrome	127.0.0.1	内网IP	2026-03-03 21:33:50.913787	登录成功	OSX	0	admin
124	2026-03-03 21:34:59.950514	2026-03-03 21:34:59.950514	Chrome	127.0.0.1	内网IP	2026-03-03 21:34:59.94655	验证码已失效	OSX	1	unknown
125	2026-03-03 21:37:30.71228	2026-03-03 21:37:30.71228	Chrome	127.0.0.1	内网IP	2026-03-03 21:37:30.701698	验证码已失效	OSX	1	unknown
126	2026-03-03 21:39:13.010904	2026-03-03 21:39:13.010904	Chrome	127.0.0.1	内网IP	2026-03-03 21:39:13.009763	用户名或密码错误	OSX	1	unknown
127	2026-03-03 21:43:53.878265	2026-03-03 21:43:53.878265	Chrome	127.0.0.1	内网IP	2026-03-03 21:43:53.866508	验证码已失效	OSX	1	unknown
128	2026-03-14 19:10:25.436524	2026-03-14 19:10:25.436524	Chrome	127.0.0.1	内网IP	2026-03-14 19:10:25.427714	验证码错误	OSX	1	unknown
129	2026-03-14 19:10:29.699327	2026-03-14 19:10:29.699327	Chrome	127.0.0.1	内网IP	2026-03-14 19:10:29.699039	登录成功	OSX	0	admin
130	2026-03-14 20:04:00.997682	2026-03-14 20:04:00.997682	Chrome	127.0.0.1	内网IP	2026-03-14 20:04:00.995959	登录成功	OSX	0	admin
131	2026-03-14 20:10:46.373781	2026-03-14 20:10:46.373781	Chrome	127.0.0.1	内网IP	2026-03-14 20:10:46.370908	登录成功	OSX	0	admin
132	2026-03-20 21:46:35.066299	2026-03-20 21:46:35.066299	Chrome	127.0.0.1	内网IP	2026-03-20 21:46:35.06452	登录成功	OSX	0	admin
133	2026-03-21 21:56:35.138	2026-03-21 21:56:35.138	Chrome	127.0.0.1	内网IP	2026-03-21 21:56:35.135155	登录成功	OSX	0	admin
134	2026-03-21 21:59:56.132137	2026-03-21 21:59:56.132137	Unknown	127.0.0.1	内网IP	2026-03-21 21:59:56.122723	验证码不能为空	Unknown	1	unknown
135	2026-03-21 22:00:15.144767	2026-03-21 22:00:15.144767	Unknown	127.0.0.1	内网IP	2026-03-21 22:00:15.142763	验证码不能为空	Unknown	1	unknown
136	2026-03-22 06:34:47.457517	2026-03-22 06:34:47.457517	Chrome	127.0.0.1	内网IP	2026-03-22 06:34:47.453112	登录成功	OSX	0	admin
137	2026-03-22 08:03:39.518465	2026-03-22 08:03:39.518465	Chrome	127.0.0.1	内网IP	2026-03-22 08:03:39.502932	验证码错误	OSX	1	unknown
138	2026-03-22 08:03:44.072884	2026-03-22 08:03:44.072884	Chrome	127.0.0.1	内网IP	2026-03-22 08:03:44.07259	登录成功	OSX	0	admin
139	2026-03-22 09:01:39.982423	2026-03-22 09:01:39.982423	Chrome	127.0.0.1	内网IP	2026-03-22 09:01:39.972105	登录成功	OSX	0	admin
140	2026-03-22 11:55:07.331961	2026-03-22 11:55:07.331961	Chrome	127.0.0.1	内网IP	2026-03-22 11:55:07.318541	验证码错误	OSX	1	unknown
141	2026-03-22 11:55:11.728075	2026-03-22 11:55:11.728075	Chrome	127.0.0.1	内网IP	2026-03-22 11:55:11.727743	登录成功	OSX	0	admin
142	2026-03-22 12:44:32.607191	2026-03-22 12:44:32.607191	Chrome	127.0.0.1	内网IP	2026-03-22 12:44:32.605899	登录成功	OSX	0	admin
143	2026-03-22 16:52:16.177456	2026-03-22 16:52:16.177456	Chrome	127.0.0.1	内网IP	2026-03-22 16:52:16.16764	登录成功	OSX	0	admin
144	2026-03-22 10:31:01.122089	2026-03-22 10:31:01.122089	Chrome	192.168.65.1	内网IP	2026-03-22 10:31:01.120219	登录成功	OSX	0	admin
145	2026-03-23 12:21:52.674676	2026-03-23 12:21:52.674676	Chrome	192.168.65.1	内网IP	2026-03-23 12:21:52.672015	登录成功	OSX	0	admin
146	2026-03-23 13:15:58.437213	2026-03-23 13:15:58.437213	Chrome	192.168.65.1	内网IP	2026-03-23 13:15:58.434954	登录成功	OSX	0	admin
147	2026-03-23 15:02:13.544677	2026-03-23 15:02:13.544677	Chrome	192.168.65.1	内网IP	2026-03-23 15:02:13.541963	登录成功	OSX	0	admin
148	2026-03-24 00:21:45.730193	2026-03-24 00:21:45.730193	Chrome	127.0.0.1	内网IP	2026-03-24 00:21:45.728485	登录成功	OSX	0	admin
149	2026-03-25 13:45:56.84635	2026-03-25 13:45:56.84635	Chrome	192.168.65.1	内网IP	2026-03-25 13:45:56.843009	登录成功	OSX	0	admin
150	2026-03-25 15:26:06.70596	2026-03-25 15:26:06.70596	Chrome	192.168.65.1	内网IP	2026-03-25 15:26:06.698907	登录成功	OSX	0	admin
151	2026-03-28 08:30:43.391602	2026-03-28 08:30:43.391602	Chrome	192.168.65.1	内网IP	2026-03-28 08:30:43.293163	验证码错误	OSX	1	unknown
152	2026-03-28 08:30:53.333819	2026-03-28 08:30:53.333819	Chrome	192.168.65.1	内网IP	2026-03-28 08:30:53.332828	登录成功	OSX	0	admin
153	2026-03-28 13:18:41.610159	2026-03-28 13:18:41.610159	Chrome	192.168.65.1	内网IP	2026-03-28 13:18:41.605143	登录成功	OSX	0	admin
154	2026-04-11 00:40:52.477114	2026-04-11 00:40:52.477114	Chrome	192.168.65.1	内网IP	2026-04-11 00:40:52.474126	登录成功	OSX	0	admin
155	2026-04-11 01:41:14.418738	2026-04-11 01:41:14.418738	Chrome	192.168.65.1	内网IP	2026-04-11 01:41:14.4123	验证码错误	OSX	1	unknown
156	2026-04-11 01:41:20.693492	2026-04-11 01:41:20.693492	Chrome	192.168.65.1	内网IP	2026-04-11 01:41:20.692758	登录成功	OSX	0	admin
157	2026-04-11 10:10:04.947889	2026-04-11 10:10:04.947889	Chrome	192.168.65.1	内网IP	2026-04-11 10:10:04.942124	登录成功	OSX	0	admin
158	2026-04-12 07:34:22.231591	2026-04-12 07:34:22.231591	Chrome	192.168.65.1	内网IP	2026-04-12 07:34:22.140747	验证码错误	OSX	1	unknown
\.


--
-- Data for Name: sys_menu; Type: TABLE DATA; Schema: public; Owner: postgres
--

COPY public.sys_menu (id, created_at, updated_at, component, icon, menu_type, name, path, permission_code, sort_order, status, visible, parent_id) FROM stdin;
\.


--
-- Data for Name: sys_module; Type: TABLE DATA; Schema: public; Owner: postgres
--

COPY public.sys_module (id, created_at, updated_at, code, name, sort_order) FROM stdin;
24	2026-02-21 22:35:43.619292	2026-02-21 22:35:43.619292	MONITOR_CACHE	缓存监控	20
25	2026-02-21 22:35:43.632742	2026-02-21 22:35:43.632742	SYSTEM_CONFIG	参数配置	10
26	2026-02-21 22:35:43.636869	2026-02-21 22:35:43.636869	SYSTEM_DEPT	部门管理	10
27	2026-02-21 22:35:43.640474	2026-02-21 22:35:43.640474	SYSTEM_LOG	运行日志	10
28	2026-02-21 22:35:43.642835	2026-02-21 22:35:43.642835	SYSTEM_MENU	菜单管理	10
29	2026-02-21 22:35:43.645263	2026-02-21 22:35:43.645263	SYSTEM_MODULE	业务模块管理	10
30	2026-02-21 22:35:43.648445	2026-02-21 22:35:43.648445	SYSTEM_NOTICE	通知公告	10
31	2026-02-21 22:35:43.651077	2026-02-21 22:35:43.651077	SYSTEM_PERMISSION	权限管理	10
32	2026-02-21 22:35:43.653534	2026-02-21 22:35:43.653534	SYSTEM_ROLE	角色管理	10
33	2026-02-21 22:35:43.656753	2026-02-21 22:35:43.656753	SYSTEM_USER	用户管理	10
34	2026-02-21 22:35:43.669095	2026-02-21 22:35:43.669095	MONITOR_LOGININFOR	登录日志	20
35	2026-02-21 22:35:43.673134	2026-02-21 22:35:43.673134	MONITOR_OPERLOG	操作日志	20
36	2026-02-21 22:35:43.676376	2026-02-21 22:35:43.676376	EMS_ALARM-CONFIG	预报警配置	20
37	2026-02-21 22:35:43.680228	2026-02-21 22:35:43.680228	EMS_ALARM-LIMIT-TYPE	报警限值类型	20
38	2026-02-21 22:35:43.684007	2026-02-21 22:35:43.684007	EMS_ALARM-RECORD	报警历史记录	20
39	2026-02-21 22:35:43.686949	2026-02-21 22:35:43.686949	EMS_BENCHMARK	对标值管理	20
40	2026-02-21 22:35:43.690151	2026-02-21 22:35:43.690151	EMS_COST-POLICY-BINDING	成本策略绑定管理	20
41	2026-02-21 22:35:43.693161	2026-02-21 22:35:43.693161	EMS_ENERGY-COST-RECORD	能源成本记录管理	20
42	2026-02-21 22:35:43.696889	2026-02-21 22:35:43.696889	EMS_ENERGY-SAVING-PROJECT	节能项目管理	20
43	2026-02-21 22:35:43.700785	2026-02-21 22:35:43.700785	EMS_ENERGY-TYPE	能源类型管理	20
44	2026-02-21 22:35:43.702811	2026-02-21 22:35:43.702811	EMS_ENERGY-UNIT	用能单元管理	20
45	2026-02-21 22:35:43.704462	2026-02-21 22:35:43.704462	EMS_KNOWLEDGE	知识库管理	20
46	2026-02-21 22:35:43.70647	2026-02-21 22:35:43.70647	EMS_METER	计量器具管理	20
47	2026-02-21 22:35:43.708238	2026-02-21 22:35:43.708238	EMS_METER-POINT	采集点位管理	20
48	2026-02-21 22:35:43.710154	2026-02-21 22:35:43.710154	EMS_POLICY	政策法规管理	20
49	2026-02-21 22:35:43.712247	2026-02-21 22:35:43.712247	EMS_PRICE-POLICY	电价策略管理	20
50	2026-02-21 22:35:43.714188	2026-02-21 22:35:43.714188	EMS_PRODUCT	产品管理	20
51	2026-02-21 22:35:43.715557	2026-02-21 22:35:43.715557	EMS_PRODUCTION-RECORD	产品产量管理	20
52	2026-02-21 22:35:43.717087	2026-02-21 22:35:43.717087	EMS_TIME-PERIOD-PRICE	分时电价配置管理	20
53	2026-02-21 22:35:43.718694	2026-02-21 22:35:43.718694	SYSTEM_DICT	字典数据	10
54	2026-02-21 22:35:59.831286	2026-02-21 22:35:59.831286	SYSTEM_POST	岗位管理	10
55	2026-02-23 17:12:31.46745	2026-02-23 17:12:31.46745	EMS_ENERGY-SAVING	节能项目管理	20
56	2026-03-21 21:55:11.637457	2026-03-21 21:55:11.637457	EMS_DATA-SOURCE	数据源管理	20
57	2026-03-21 21:55:11.658063	2026-03-21 21:55:11.658063	EMS_EQUIPMENT	用能设备管理	20
58	2026-03-21 21:55:11.659846	2026-03-21 21:55:11.659846	EMS_GATEWAY	网关管理	20
\.


--
-- Data for Name: sys_notice; Type: TABLE DATA; Schema: public; Owner: postgres
--

COPY public.sys_notice (id, created_at, updated_at, notice_content, notice_title, notice_type, remark, status) FROM stdin;
8	2026-02-19 20:22:07.175657	2026-02-19 20:22:07.175657	32839	关于2025年春节放假安排的通知	1		0
\.


--
-- Data for Name: sys_operation_log; Type: TABLE DATA; Schema: public; Owner: postgres
--

COPY public.sys_operation_log (id, created_at, updated_at, business_type, cost_time, dept_name, error_msg, json_result, method, oper_ip, oper_location, oper_name, oper_param, oper_time, oper_url, operator_type, request_method, status, title, operation_ip, operation_location, operation_name, operation_param, operation_time, operation_url) FROM stdin;
11	2026-02-16 17:15:00.207521	2026-02-16 17:15:00.207521	3	562298	\N	\N	{"timestamp":"2026-02-16 17:04:45","error":{"detail":null,"message":null,"code":null,"field":null,"stackTrace":null},"code":"20000","message":"删除成功","path":null,"data":null,"status":200,"traceId":null}	com.terra.ems.ems.controller.EnergyTypeController.delete()	\N	\N	\N	\N	\N	\N	1	DELETE	0	能源类型管理	127.0.0.1	内网IP	admin	{}	2026-02-16 17:14:10.445223	/api/energy-types/28
12	2026-02-16 23:18:28.630771	2026-02-16 23:18:28.630771	1	47	\N	用户名 [曾永利] 已存在	\N	com.terra.ems.admin.controller.SysUserController.create()	\N	\N	\N	\N	\N	\N	1	POST	1	用户管理	127.0.0.1	内网IP	admin	{"createdAt":null,"updatedAt":null,"id":null,"username":"曾永利","nickname":"lily","avatar":null,"email":"lily@qq.com","phone":null,"dept":null,"status":0,"accountExpireAt":null,"credentialsExpireAt":null,"failLoginCount":0,"lastLoginAt":null,"enabled":true,"credentialsNonExpired":true,"accountNonLocked":true,"accountNonExpired":true,"roles":[],"positions":[12],"deptId":100}	2026-02-16 23:18:28.587741	/api/system/user/create
13	2026-02-16 23:21:46.072582	2026-02-16 23:21:46.072582	5	1236	\N	\N	\N	com.terra.ems.admin.controller.SysUserController.export()	\N	\N	\N	\N	\N	\N	1	POST	0	用户管理	127.0.0.1	内网IP	admin	{}	2026-02-16 23:21:46.044627	/api/system/user/export
14	2026-02-16 23:22:13.273471	2026-02-16 23:22:13.273471	3	74	\N	\N	{"timestamp":"2026-02-16 23:22:13","error":{"detail":null,"message":null,"code":null,"field":null,"stackTrace":null},"code":"20000","message":"删除成功","path":null,"data":null,"status":200,"traceId":null}	com.terra.ems.admin.controller.SysUserController.delete()	\N	\N	\N	\N	\N	\N	1	DELETE	0	系统用户管理	127.0.0.1	内网IP	admin	{}	2026-02-16 23:22:13.253052	/api/system/user/3
15	2026-02-16 23:22:20.37199	2026-02-16 23:22:20.37199	3	12	\N	\N	{"timestamp":"2026-02-16 23:22:20","error":{"detail":null,"message":null,"code":null,"field":null,"stackTrace":null},"code":"20000","message":"删除成功","path":null,"data":null,"status":200,"traceId":null}	com.terra.ems.admin.controller.SysUserController.deleteBatch()	\N	\N	\N	\N	\N	\N	1	DELETE	0	系统用户管理	127.0.0.1	内网IP	admin	{}	2026-02-16 23:22:20.360906	/api/system/user
16	2026-02-17 15:45:49.875011	2026-02-17 15:45:49.875011	5	1396	\N	\N	\N	com.terra.ems.admin.controller.SysUserController.export()	\N	\N	\N	\N	\N	\N	1	POST	0	用户管理	127.0.0.1	内网IP	admin	{}	2026-02-17 15:45:49.855022	/api/system/user/export
17	2026-02-17 15:46:20.054021	2026-02-17 15:46:20.054021	3	71	\N	\N	{"timestamp":"2026-02-17 15:46:20","error":{"detail":null,"message":null,"code":null,"field":null,"stackTrace":null},"code":"20000","message":"删除成功","path":null,"data":null,"status":200,"traceId":null}	com.terra.ems.admin.controller.SysUserController.delete()	\N	\N	\N	\N	\N	\N	1	DELETE	0	系统用户管理	127.0.0.1	内网IP	admin	{}	2026-02-17 15:46:20.039273	/api/system/user/5
18	2026-02-17 15:46:25.72732	2026-02-17 15:46:25.72732	3	15	\N	\N	{"timestamp":"2026-02-17 15:46:25","error":{"detail":null,"message":null,"code":null,"field":null,"stackTrace":null},"code":"20000","message":"删除成功","path":null,"data":null,"status":200,"traceId":null}	com.terra.ems.admin.controller.SysUserController.deleteBatch()	\N	\N	\N	\N	\N	\N	1	DELETE	0	系统用户管理	127.0.0.1	内网IP	admin	{}	2026-02-17 15:46:25.714469	/api/system/user
19	2026-02-17 16:25:52.670374	2026-02-17 16:25:52.670374	6	612	\N	Cannot invoke "com.terra.ems.system.entity.SysUser.getUsername()" because "user" is null	\N	com.terra.ems.admin.controller.SysUserController.importData()	\N	\N	\N	\N	\N	\N	1	POST	1	用户管理	127.0.0.1	内网IP	admin	false	2026-02-17 16:25:52.634852	/api/system/user/importData
20	2026-02-17 16:29:54.18425	2026-02-17 16:29:54.18425	6	374	\N	\N	{"timestamp":"2026-02-17 16:29:54","error":{"detail":null,"message":null,"code":null,"field":null,"stackTrace":null},"code":"20000","message":"恭喜您，数据已全部导入成功！共 0 条，数据如下：","path":null,"data":null,"status":200,"traceId":null}	com.terra.ems.admin.controller.SysUserController.importData()	\N	\N	\N	\N	\N	\N	1	POST	0	用户管理	127.0.0.1	内网IP	admin	false	2026-02-17 16:29:54.156881	/api/system/user/importData
21	2026-02-17 16:30:03.964706	2026-02-17 16:30:03.964706	6	31	\N	\N	{"timestamp":"2026-02-17 16:30:03","error":{"detail":null,"message":null,"code":null,"field":null,"stackTrace":null},"code":"20000","message":"恭喜您，数据已全部导入成功！共 0 条，数据如下：","path":null,"data":null,"status":200,"traceId":null}	com.terra.ems.admin.controller.SysUserController.importData()	\N	\N	\N	\N	\N	\N	1	POST	0	用户管理	127.0.0.1	内网IP	admin	false	2026-02-17 16:30:03.837055	/api/system/user/importData
22	2026-02-17 16:34:31.177551	2026-02-17 16:34:31.177551	6	21632	\N	\N	{"timestamp":"2026-02-17 16:34:31","error":{"detail":null,"message":null,"code":null,"field":null,"stackTrace":null},"code":"20000","message":"恭喜您，数据已全部导入成功！共 0 条，数据如下：","path":null,"data":null,"status":200,"traceId":null}	com.terra.ems.admin.controller.SysUserController.importData()	\N	\N	\N	\N	\N	\N	1	POST	0	用户管理	127.0.0.1	内网IP	admin	false	2026-02-17 16:34:31.152298	/api/system/user/importData
23	2026-02-17 16:36:19.536434	2026-02-17 16:36:19.536434	6	34719	\N	\N	{"timestamp":"2026-02-17 16:36:19","error":{"detail":null,"message":null,"code":null,"field":null,"stackTrace":null},"code":"20000","message":"恭喜您，数据已全部导入成功！共 0 条，数据如下：","path":null,"data":null,"status":200,"traceId":null}	com.terra.ems.admin.controller.SysUserController.importData()	\N	\N	\N	\N	\N	\N	1	POST	0	用户管理	127.0.0.1	内网IP	admin	false	2026-02-17 16:36:19.505508	/api/system/user/importData
24	2026-02-17 16:45:08.017735	2026-02-17 16:45:08.017735	6	5121	\N	\N	{"timestamp":"2026-02-17 16:45:07","error":{"detail":null,"message":null,"code":null,"field":null,"stackTrace":null},"code":"20000","message":"未检测到可导入的有效数据行，请检查文件内容及表头是否正确。","path":null,"data":null,"status":200,"traceId":null}	com.terra.ems.admin.controller.SysUserController.importData()	\N	\N	\N	\N	\N	\N	1	POST	0	用户管理	127.0.0.1	内网IP	admin	false	2026-02-17 16:45:07.994913	/api/system/user/importData
25	2026-02-17 16:45:30.936256	2026-02-17 16:45:30.936256	6	34	\N	\N	{"timestamp":"2026-02-17 16:45:30","error":{"detail":null,"message":null,"code":null,"field":null,"stackTrace":null},"code":"20000","message":"未检测到可导入的有效数据行，请检查文件内容及表头是否正确。","path":null,"data":null,"status":200,"traceId":null}	com.terra.ems.admin.controller.SysUserController.importData()	\N	\N	\N	\N	\N	\N	1	POST	0	用户管理	127.0.0.1	内网IP	admin	false	2026-02-17 16:45:30.919767	/api/system/user/importData
26	2026-02-17 16:48:33.874173	2026-02-17 16:48:33.874173	6	29	\N	\N	{"timestamp":"2026-02-17 16:48:33","error":{"detail":null,"message":null,"code":null,"field":null,"stackTrace":null},"code":"20000","message":"未检测到可导入的有效数据行，请检查文件内容及表头是否正确。","path":null,"data":null,"status":200,"traceId":null}	com.terra.ems.admin.controller.SysUserController.importData()	\N	\N	\N	\N	\N	\N	1	POST	0	用户管理	127.0.0.1	内网IP	admin	false	2026-02-17 16:48:33.849598	/api/system/user/importData
27	2026-02-17 16:50:38.1939	2026-02-17 16:50:38.1939	6	33	\N	Cannot invoke "Object.getClass()" because "obj" is null	\N	com.terra.ems.admin.controller.SysUserController.importData()	\N	\N	\N	\N	\N	\N	1	POST	1	用户管理	127.0.0.1	内网IP	admin	false	2026-02-17 16:50:38.173302	/api/system/user/importData
28	2026-02-17 16:56:12.923348	2026-02-17 16:56:12.923348	6	273	\N	null object for private com.terra.ems.system.entity.SysDept com.terra.ems.system.entity.SysUser.dept	\N	com.terra.ems.admin.controller.SysUserController.importData()	\N	\N	\N	\N	\N	\N	1	POST	1	用户管理	127.0.0.1	内网IP	admin	false	2026-02-17 16:56:12.889674	/api/system/user/importData
29	2026-02-17 17:11:14.311334	2026-02-17 17:11:14.311334	6	60	\N	null object for private com.terra.ems.system.entity.SysDept com.terra.ems.system.entity.SysUser.dept	\N	com.terra.ems.admin.controller.SysUserController.importData()	\N	\N	\N	\N	\N	\N	1	POST	1	用户管理	127.0.0.1	内网IP	admin	false	2026-02-17 17:11:14.276109	/api/system/user/importData
30	2026-02-17 17:12:00.199394	2026-02-17 17:12:00.199394	6	17005	\N	null object for private com.terra.ems.system.entity.SysDept com.terra.ems.system.entity.SysUser.dept	\N	com.terra.ems.admin.controller.SysUserController.importData()	\N	\N	\N	\N	\N	\N	1	POST	1	用户管理	127.0.0.1	内网IP	admin	false	2026-02-17 17:12:00.180083	/api/system/user/importData
31	2026-02-17 17:13:15.743825	2026-02-17 17:13:15.743825	6	60928	\N	null object for private com.terra.ems.system.entity.SysDept com.terra.ems.system.entity.SysUser.dept	\N	com.terra.ems.admin.controller.SysUserController.importData()	\N	\N	\N	\N	\N	\N	1	POST	1	用户管理	127.0.0.1	内网IP	admin	false	2026-02-17 17:13:15.726499	/api/system/user/importData
32	2026-02-17 17:19:48.046145	2026-02-17 17:19:48.046145	6	387996	\N	null object for private com.terra.ems.system.entity.SysDept com.terra.ems.system.entity.SysUser.dept	\N	com.terra.ems.admin.controller.SysUserController.importData()	\N	\N	\N	\N	\N	\N	1	POST	1	用户管理	127.0.0.1	内网IP	admin	false	2026-02-17 17:19:48.013029	/api/system/user/importData
33	2026-02-17 17:23:06.403832	2026-02-17 17:23:06.403832	6	178288	\N	null object for private com.terra.ems.system.entity.SysDept com.terra.ems.system.entity.SysUser.dept	\N	com.terra.ems.admin.controller.SysUserController.importData()	\N	\N	\N	\N	\N	\N	1	POST	1	用户管理	127.0.0.1	内网IP	admin	false	2026-02-17 17:23:06.368891	/api/system/user/importData
34	2026-02-17 17:27:30.271467	2026-02-17 17:27:30.271467	6	257967	\N	null object for private com.terra.ems.system.entity.SysDept com.terra.ems.system.entity.SysUser.dept	\N	com.terra.ems.admin.controller.SysUserController.importData()	\N	\N	\N	\N	\N	\N	1	POST	1	用户管理	127.0.0.1	内网IP	admin	false	2026-02-17 17:27:30.243002	/api/system/user/importData
35	2026-02-17 17:31:51.094961	2026-02-17 17:31:51.094961	6	120042	\N	null object for private com.terra.ems.system.entity.SysDept com.terra.ems.system.entity.SysUser.dept	\N	com.terra.ems.admin.controller.SysUserController.importData()	\N	\N	\N	\N	\N	\N	1	POST	1	用户管理	127.0.0.1	内网IP	admin	false	2026-02-17 17:31:51.074843	/api/system/user/importData
36	2026-02-17 17:38:27.94409	2026-02-17 17:38:27.94409	6	389616	\N	调用方法 [setGender] 失败	\N	com.terra.ems.admin.controller.SysUserController.importData()	\N	\N	\N	\N	\N	\N	1	POST	1	用户管理	127.0.0.1	内网IP	admin	false	2026-02-17 17:38:27.924133	/api/system/user/importData
37	2026-02-17 17:56:32.332853	2026-02-17 17:56:32.332853	6	1037519	\N	调用方法 [setGender] 失败	\N	com.terra.ems.admin.controller.SysUserController.importData()	\N	\N	\N	\N	\N	\N	1	POST	1	用户管理	127.0.0.1	内网IP	admin	false	2026-02-17 17:56:32.27539	/api/system/user/importData
38	2026-02-17 17:57:33.435623	2026-02-17 17:57:33.435623	6	298	\N	调用方法 [setGender] 失败	\N	com.terra.ems.admin.controller.SysUserController.importData()	\N	\N	\N	\N	\N	\N	1	POST	1	用户管理	127.0.0.1	内网IP	admin	false	2026-02-17 17:57:33.405729	/api/system/user/importData
39	2026-02-17 17:58:49.316353	2026-02-17 17:58:49.316353	6	333	\N	调用方法 [setGender] 失败	\N	com.terra.ems.admin.controller.SysUserController.importData()	\N	\N	\N	\N	\N	\N	1	POST	1	用户管理	127.0.0.1	内网IP	admin	false	2026-02-17 17:58:49.255616	/api/system/user/importData
40	2026-02-17 18:04:59.170133	2026-02-17 18:04:59.170133	6	391	\N	很抱歉，导入失败！共 10 条数据格式不正确，错误如下：<br/>1、账号 li.hang 导入失败：部门 [研发部] 在系统中不存在，请先创建该部门<br/>2、账号 chen.xiaoyu 导入失败：部门 [财务部] 在系统中不存在，请先创建该部门<br/>3、账号 wang.zihao 导入失败：部门 [运维中心] 在系统中不存在，请先创建该部门<br/>4、账号 zhang.lin 导入失败：部门 [人事部] 在系统中不存在，请先创建该部门<br/>5、账号 zhao.xu 导入失败：部门 [销售部] 在系统中不存在，请先创建该部门<br/>6、账号 liu.qian 导入失败：部门 [综合部] 在系统中不存在，请先创建该部门<br/>7、账号 zhou.kai 导入失败：部门 [研发部] 在系统中不存在，请先创建该部门<br/>8、账号 wu.meng 导入失败：部门 [质量部] 在系统中不存在，请先创建该部门<br/>9、账号 yang.fan 导入失败：部门 [研发部] 在系统中不存在，请先创建该部门<br/>10、账号 xu.ruo 导入失败：部门 [生产部] 在系统中不存在，请先创建该部门	\N	com.terra.ems.admin.controller.SysUserController.importData()	\N	\N	\N	\N	\N	\N	1	POST	1	用户管理	127.0.0.1	内网IP	admin	false	2026-02-17 18:04:59.143944	/api/system/user/importData
41	2026-02-17 19:20:30.64338	2026-02-17 19:20:30.64338	6	2329	\N	\N	{"timestamp":"2026-02-17 19:20:30","error":{"detail":null,"message":null,"code":null,"field":null,"stackTrace":null},"code":"20000","message":"恭喜您，数据已全部导入成功！共 10 条。","path":null,"data":null,"status":200,"traceId":null}	com.terra.ems.admin.controller.SysUserController.importData()	\N	\N	\N	\N	\N	\N	1	POST	0	用户管理	127.0.0.1	内网IP	admin	false	2026-02-17 19:20:30.629339	/api/system/user/importData
42	2026-02-17 19:31:54.573899	2026-02-17 19:31:54.573899	3	83	\N	\N	{"timestamp":"2026-02-17 19:31:54","error":{"detail":null,"message":null,"code":null,"field":null,"stackTrace":null},"code":"20000","message":"删除成功","path":null,"data":null,"status":200,"traceId":null}	com.terra.ems.admin.controller.SysUserController.deleteBatch()	\N	\N	\N	\N	\N	\N	1	DELETE	0	系统用户管理	127.0.0.1	内网IP	admin	{}	2026-02-17 19:31:54.560434	/api/system/user
43	2026-02-17 19:32:07.739112	2026-02-17 19:32:07.739112	3	27	\N	\N	{"timestamp":"2026-02-17 19:32:07","error":{"detail":null,"message":null,"code":null,"field":null,"stackTrace":null},"code":"20000","message":"删除成功","path":null,"data":null,"status":200,"traceId":null}	com.terra.ems.admin.controller.SysUserController.deleteBatch()	\N	\N	\N	\N	\N	\N	1	DELETE	0	系统用户管理	127.0.0.1	内网IP	admin	{}	2026-02-17 19:32:07.72611	/api/system/user
44	2026-02-17 19:32:20.036244	2026-02-17 19:32:20.036244	3	58	\N	\N	{"timestamp":"2026-02-17 19:32:20","error":{"detail":null,"message":null,"code":null,"field":null,"stackTrace":null},"code":"20000","message":"删除成功","path":null,"data":null,"status":200,"traceId":null}	com.terra.ems.admin.controller.SysUserController.deleteBatch()	\N	\N	\N	\N	\N	\N	1	DELETE	0	系统用户管理	127.0.0.1	内网IP	admin	{}	2026-02-17 19:32:20.021902	/api/system/user
45	2026-02-17 19:33:28.134145	2026-02-17 19:33:28.134145	6	1568	\N	\N	{"timestamp":"2026-02-17 19:33:28","error":{"detail":"部分数据导入失败，请下载结果文档查看详情","message":null,"code":null,"field":null,"stackTrace":null},"code":"500","message":"部分数据导入失败，请下载结果文档查看详情","path":null,"data":null,"status":500,"traceId":null}	com.terra.ems.admin.controller.SysUserController.importData()	\N	\N	\N	\N	\N	\N	1	POST	0	用户管理	127.0.0.1	内网IP	admin	false	2026-02-17 19:33:28.119429	/api/system/user/importData
46	2026-02-17 19:34:07.051945	2026-02-17 19:34:07.051945	3	22	\N	\N	{"timestamp":"2026-02-17 19:34:07","error":{"detail":null,"message":null,"code":null,"field":null,"stackTrace":null},"code":"20000","message":"删除成功","path":null,"data":null,"status":200,"traceId":null}	com.terra.ems.admin.controller.SysUserController.deleteBatch()	\N	\N	\N	\N	\N	\N	1	DELETE	0	系统用户管理	127.0.0.1	内网IP	admin	{}	2026-02-17 19:34:07.038957	/api/system/user
47	2026-02-17 19:34:15.617914	2026-02-17 19:34:15.617914	3	29	\N	\N	{"timestamp":"2026-02-17 19:34:15","error":{"detail":null,"message":null,"code":null,"field":null,"stackTrace":null},"code":"20000","message":"删除成功","path":null,"data":null,"status":200,"traceId":null}	com.terra.ems.admin.controller.SysUserController.deleteBatch()	\N	\N	\N	\N	\N	\N	1	DELETE	0	系统用户管理	127.0.0.1	内网IP	admin	{}	2026-02-17 19:34:15.603341	/api/system/user
48	2026-02-17 19:34:26.497789	2026-02-17 19:34:26.497789	3	34	\N	\N	{"timestamp":"2026-02-17 19:34:26","error":{"detail":null,"message":null,"code":null,"field":null,"stackTrace":null},"code":"20000","message":"删除成功","path":null,"data":null,"status":200,"traceId":null}	com.terra.ems.admin.controller.SysUserController.deleteBatch()	\N	\N	\N	\N	\N	\N	1	DELETE	0	系统用户管理	127.0.0.1	内网IP	admin	{}	2026-02-17 19:34:26.482568	/api/system/user
49	2026-02-17 19:55:10.303969	2026-02-17 19:55:10.303969	6	1476	\N	\N	{"timestamp":"2026-02-17 19:55:10","error":{"detail":"部分数据导入失败，请查看结果文档","message":null,"code":null,"field":null,"stackTrace":null},"code":"500","message":"部分数据导入失败，请查看结果文档","path":null,"data":{"total":10,"successCount":7,"fileUrl":null,"failureCount":3},"status":500,"traceId":null}	com.terra.ems.admin.controller.SysUserController.importData()	\N	\N	\N	\N	\N	\N	1	POST	0	用户管理	127.0.0.1	内网IP	admin	false	2026-02-17 19:55:10.289763	/api/system/user/importData
50	2026-02-17 20:03:11.487208	2026-02-17 20:03:11.487208	3	39	\N	\N	{"timestamp":"2026-02-17 20:03:11","error":{"detail":null,"message":null,"code":null,"field":null,"stackTrace":null},"code":"20000","message":"删除成功","path":null,"data":null,"status":200,"traceId":null}	com.terra.ems.admin.controller.SysUserController.deleteBatch()	\N	\N	\N	\N	\N	\N	1	DELETE	0	系统用户管理	127.0.0.1	内网IP	admin	{}	2026-02-17 20:03:11.473291	/api/system/user
51	2026-02-17 20:03:20.043345	2026-02-17 20:03:20.043345	3	24	\N	\N	{"timestamp":"2026-02-17 20:03:20","error":{"detail":null,"message":null,"code":null,"field":null,"stackTrace":null},"code":"20000","message":"删除成功","path":null,"data":null,"status":200,"traceId":null}	com.terra.ems.admin.controller.SysUserController.deleteBatch()	\N	\N	\N	\N	\N	\N	1	DELETE	0	系统用户管理	127.0.0.1	内网IP	admin	{}	2026-02-17 20:03:20.030185	/api/system/user
52	2026-02-17 20:03:29.783955	2026-02-17 20:03:29.783955	3	42	\N	\N	{"timestamp":"2026-02-17 20:03:29","error":{"detail":null,"message":null,"code":null,"field":null,"stackTrace":null},"code":"20000","message":"删除成功","path":null,"data":null,"status":200,"traceId":null}	com.terra.ems.admin.controller.SysUserController.deleteBatch()	\N	\N	\N	\N	\N	\N	1	DELETE	0	系统用户管理	127.0.0.1	内网IP	admin	{}	2026-02-17 20:03:29.771359	/api/system/user
53	2026-02-17 20:03:39.348108	2026-02-17 20:03:39.348108	6	1457	\N	\N	{"timestamp":"2026-02-17 20:03:39","error":{"detail":"部分数据导入失败，请查看结果文档","message":null,"code":null,"field":null,"stackTrace":null},"code":"500","message":"部分数据导入失败，请查看结果文档","path":null,"data":{"total":10,"successCount":7,"fileUrl":null,"failureCount":3},"status":500,"traceId":null}	com.terra.ems.admin.controller.SysUserController.importData()	\N	\N	\N	\N	\N	\N	1	POST	0	用户管理	127.0.0.1	内网IP	admin	false	2026-02-17 20:03:39.337115	/api/system/user/importData
54	2026-02-17 20:15:27.038026	2026-02-17 20:15:27.038026	3	21	\N	\N	{"timestamp":"2026-02-17 20:15:27","error":{"detail":null,"message":null,"code":null,"field":null,"stackTrace":null},"code":"20000","message":"删除成功","path":null,"data":null,"status":200,"traceId":null}	com.terra.ems.admin.controller.SysUserController.deleteBatch()	\N	\N	\N	\N	\N	\N	1	DELETE	0	系统用户管理	127.0.0.1	内网IP	admin	{}	2026-02-17 20:15:27.023893	/api/system/user
55	2026-02-17 20:15:34.023219	2026-02-17 20:15:34.023219	3	22	\N	\N	{"timestamp":"2026-02-17 20:15:34","error":{"detail":null,"message":null,"code":null,"field":null,"stackTrace":null},"code":"20000","message":"删除成功","path":null,"data":null,"status":200,"traceId":null}	com.terra.ems.admin.controller.SysUserController.deleteBatch()	\N	\N	\N	\N	\N	\N	1	DELETE	0	系统用户管理	127.0.0.1	内网IP	admin	{}	2026-02-17 20:15:34.005549	/api/system/user
56	2026-02-17 20:15:40.242146	2026-02-17 20:15:40.242146	3	50	\N	\N	{"timestamp":"2026-02-17 20:15:40","error":{"detail":null,"message":null,"code":null,"field":null,"stackTrace":null},"code":"20000","message":"删除成功","path":null,"data":null,"status":200,"traceId":null}	com.terra.ems.admin.controller.SysUserController.deleteBatch()	\N	\N	\N	\N	\N	\N	1	DELETE	0	系统用户管理	127.0.0.1	内网IP	admin	{}	2026-02-17 20:15:40.228931	/api/system/user
57	2026-02-17 20:15:53.902487	2026-02-17 20:15:53.902487	6	1450	\N	\N	{"timestamp":"2026-02-17 20:15:53","error":{"detail":"部分数据导入失败，请查看结果文档","message":null,"code":null,"field":null,"stackTrace":null},"code":"500","message":"部分数据导入失败，请查看结果文档","path":null,"data":{"total":10,"successCount":7,"fileUrl":null,"failureCount":3},"status":500,"traceId":null}	com.terra.ems.admin.controller.SysUserController.importData()	\N	\N	\N	\N	\N	\N	1	POST	0	用户管理	127.0.0.1	内网IP	admin	false	2026-02-17 20:15:53.889591	/api/system/user/importData
58	2026-02-17 20:23:02.357156	2026-02-17 20:23:02.357156	3	103	\N	\N	{"timestamp":"2026-02-17 20:23:02","error":{"detail":null,"message":null,"code":null,"field":null,"stackTrace":null},"code":"20000","message":"删除成功","path":null,"data":null,"status":200,"traceId":null}	com.terra.ems.admin.controller.SysUserController.deleteBatch()	\N	\N	\N	\N	\N	\N	1	DELETE	0	系统用户管理	127.0.0.1	内网IP	admin	{}	2026-02-17 20:23:02.326289	/api/system/user
59	2026-02-17 20:23:14.297541	2026-02-17 20:23:14.297541	6	2416	\N	\N	{"timestamp":"2026-02-17 20:23:14","error":{"detail":null,"message":null,"code":null,"field":null,"stackTrace":null},"code":"20000","message":"导入完成（存在失败记录），请查看结果文档","path":null,"data":{"total":10,"successCount":7,"fileUrl":null,"failureCount":3},"status":200,"traceId":null}	com.terra.ems.admin.controller.SysUserController.importData()	\N	\N	\N	\N	\N	\N	1	POST	0	用户管理	127.0.0.1	内网IP	admin	false	2026-02-17 20:23:14.282931	/api/system/user/importData
60	2026-02-17 20:24:51.660238	2026-02-17 20:24:51.660238	3	77	\N	\N	{"timestamp":"2026-02-17 20:24:51","error":{"detail":null,"message":null,"code":null,"field":null,"stackTrace":null},"code":"20000","message":"删除成功","path":null,"data":null,"status":200,"traceId":null}	com.terra.ems.admin.controller.SysUserController.deleteBatch()	\N	\N	\N	\N	\N	\N	1	DELETE	0	系统用户管理	127.0.0.1	内网IP	admin	{}	2026-02-17 20:24:51.645947	/api/system/user
61	2026-02-17 20:31:37.100989	2026-02-17 20:31:37.100989	6	2034	\N	\N	{"timestamp":"2026-02-17 20:31:37","error":{"detail":null,"message":null,"code":null,"field":null,"stackTrace":null},"code":"20000","message":"导入完成（存在失败记录），请查看结果文档","path":null,"data":{"total":10,"successCount":7,"fileUrl":"2205ec9d-abc2-45c0-9fd5-93548d85ee68_用户导入结果.xlsx","failureCount":3},"status":200,"traceId":null}	com.terra.ems.admin.controller.SysUserController.importData()	\N	\N	\N	\N	\N	\N	1	POST	0	用户管理	127.0.0.1	内网IP	admin	false	2026-02-17 20:31:37.074171	/api/system/user/importData
62	2026-02-17 20:37:23.686383	2026-02-17 20:37:23.686383	3	103	\N	\N	{"timestamp":"2026-02-17 20:37:23","error":{"detail":null,"message":null,"code":null,"field":null,"stackTrace":null},"code":"20000","message":"删除成功","path":null,"data":null,"status":200,"traceId":null}	com.terra.ems.admin.controller.SysUserController.deleteBatch()	\N	\N	\N	\N	\N	\N	1	DELETE	0	系统用户管理	127.0.0.1	内网IP	admin	{}	2026-02-17 20:37:23.67233	/api/system/user
63	2026-02-17 20:37:58.814392	2026-02-17 20:37:58.814392	6	2286	\N	\N	{"timestamp":"2026-02-17 20:37:58","error":{"detail":null,"message":null,"code":null,"field":null,"stackTrace":null},"code":"20000","message":"导入完成（存在失败记录），请查看结果文档","path":null,"data":{"total":10,"successCount":7,"fileUrl":"ad153a8a-52cf-4f97-8bea-6454127f7f8a_用户导入结果.xlsx","failureCount":3},"status":200,"traceId":null}	com.terra.ems.admin.controller.SysUserController.importData()	\N	\N	\N	\N	\N	\N	1	POST	0	用户管理	127.0.0.1	内网IP	admin	false	2026-02-17 20:37:58.799124	/api/system/user/importData
64	2026-02-17 21:11:59.108829	2026-02-17 21:11:59.108829	3	117	\N	\N	{"timestamp":"2026-02-17 21:11:59","error":{"detail":null,"message":null,"code":null,"field":null,"stackTrace":null},"code":"20000","message":"删除成功","path":null,"data":null,"status":200,"traceId":null}	com.terra.ems.admin.controller.SysUserController.deleteBatch()	\N	\N	\N	\N	\N	\N	1	DELETE	0	系统用户管理	127.0.0.1	内网IP	admin	{}	2026-02-17 21:11:59.083084	/api/system/user
65	2026-02-17 21:12:09.85095	2026-02-17 21:12:09.85095	6	2326	\N	\N	{"timestamp":"2026-02-17 21:12:09","error":{"detail":null,"message":null,"code":null,"field":null,"stackTrace":null},"code":"20000","message":"导入完成（存在失败记录），请查看结果文档","path":null,"data":{"total":10,"successCount":7,"fileUrl":"ef8fa8a8-5247-42dc-a870-0f63403af4d2_用户导入结果.xlsx","failureCount":3},"status":200,"traceId":null}	com.terra.ems.admin.controller.SysUserController.importData()	\N	\N	\N	\N	\N	\N	1	POST	0	用户管理	127.0.0.1	内网IP	admin	false	2026-02-17 21:12:09.83779	/api/system/user/importData
66	2026-02-17 21:20:35.528461	2026-02-17 21:20:35.528461	3	84	\N	\N	{"timestamp":"2026-02-17 21:20:35","error":{"detail":null,"message":null,"code":null,"field":null,"stackTrace":null},"code":"20000","message":"删除成功","path":null,"data":null,"status":200,"traceId":null}	com.terra.ems.admin.controller.SysUserController.deleteBatch()	\N	\N	\N	\N	\N	\N	1	DELETE	0	系统用户管理	127.0.0.1	内网IP	admin	{}	2026-02-17 21:20:35.514437	/api/system/user
67	2026-02-17 21:20:44.006249	2026-02-17 21:20:44.006249	6	2019	\N	\N	{"timestamp":"2026-02-17 21:20:43","error":{"detail":null,"message":null,"code":null,"field":null,"stackTrace":null},"code":"20000","message":"导入完成（存在失败记录），请查看结果文档","path":null,"data":{"total":10,"successCount":7,"fileUrl":"05503bf5-3101-4427-9248-964a64099371_用户导入结果.xlsx","failureCount":3},"status":200,"traceId":null}	com.terra.ems.admin.controller.SysUserController.importData()	\N	\N	\N	\N	\N	\N	1	POST	0	用户管理	127.0.0.1	内网IP	admin	false	2026-02-17 21:20:43.993012	/api/system/user/importData
68	2026-02-17 21:27:51.585442	2026-02-17 21:27:51.585442	3	82	\N	\N	{"timestamp":"2026-02-17 21:27:51","error":{"detail":null,"message":null,"code":null,"field":null,"stackTrace":null},"code":"20000","message":"删除成功","path":null,"data":null,"status":200,"traceId":null}	com.terra.ems.admin.controller.SysUserController.deleteBatch()	\N	\N	\N	\N	\N	\N	1	DELETE	0	系统用户管理	127.0.0.1	内网IP	admin	{}	2026-02-17 21:27:51.558015	/api/system/user
69	2026-02-17 21:28:04.912408	2026-02-17 21:28:04.912408	6	2271	\N	\N	{"timestamp":"2026-02-17 21:28:04","error":{"detail":null,"message":null,"code":null,"field":null,"stackTrace":null},"code":"20000","message":"导入完成（存在失败记录），请查看结果文档","path":null,"data":{"total":10,"successCount":7,"fileUrl":"84648044-759c-48ae-a8ba-1936164380c9_用户导入结果.xlsx","failureCount":3},"status":200,"traceId":null}	com.terra.ems.admin.controller.SysUserController.importData()	\N	\N	\N	\N	\N	\N	1	POST	0	用户管理	127.0.0.1	内网IP	admin	false	2026-02-17 21:28:04.899425	/api/system/user/importData
70	2026-02-17 21:33:23.568162	2026-02-17 21:33:23.568162	3	87	\N	\N	{"timestamp":"2026-02-17 21:33:23","error":{"detail":null,"message":null,"code":null,"field":null,"stackTrace":null},"code":"20000","message":"删除成功","path":null,"data":null,"status":200,"traceId":null}	com.terra.ems.admin.controller.SysUserController.deleteBatch()	\N	\N	\N	\N	\N	\N	1	DELETE	0	系统用户管理	127.0.0.1	内网IP	admin	{}	2026-02-17 21:33:23.55148	/api/system/user
71	2026-02-17 21:33:31.331495	2026-02-17 21:33:31.331495	6	1402	\N	\N	{"timestamp":"2026-02-17 21:33:31","error":{"detail":null,"message":null,"code":null,"field":null,"stackTrace":null},"code":"20000","message":"导入完成（存在失败记录），请查看结果文档","path":null,"data":{"total":10,"successCount":7,"fileUrl":"40ac0b38-8220-44e6-8a2d-d571e160a854_用户导入结果.xlsx","failureCount":3},"status":200,"traceId":null}	com.terra.ems.admin.controller.SysUserController.importData()	\N	\N	\N	\N	\N	\N	1	POST	0	用户管理	127.0.0.1	内网IP	admin	false	2026-02-17 21:33:31.319339	/api/system/user/importData
72	2026-02-17 21:42:32.226509	2026-02-17 21:42:32.226509	3	68	\N	\N	{"timestamp":"2026-02-17 21:42:32","error":{"detail":null,"message":null,"code":null,"field":null,"stackTrace":null},"code":"20000","message":"删除成功","path":null,"data":null,"status":200,"traceId":null}	com.terra.ems.admin.controller.SysUserController.deleteBatch()	\N	\N	\N	\N	\N	\N	1	DELETE	0	系统用户管理	127.0.0.1	内网IP	admin	{}	2026-02-17 21:42:32.20314	/api/system/user
73	2026-02-17 21:42:48.815568	2026-02-17 21:42:48.815568	6	1734	\N	\N	{"timestamp":"2026-02-17 21:42:48","error":{"detail":null,"message":null,"code":null,"field":null,"stackTrace":null},"code":"20000","message":"导入完成（存在失败记录），请查看结果文档","path":null,"data":{"total":10,"successCount":7,"fileUrl":"e00ceac5-e642-43aa-b0d9-d8bf1108d5f6_用户导入结果.xlsx","failureCount":3},"status":200,"traceId":null}	com.terra.ems.admin.controller.SysUserController.importData()	\N	\N	\N	\N	\N	\N	1	POST	0	用户管理	127.0.0.1	内网IP	admin	false	2026-02-17 21:42:48.802666	/api/system/user/importData
74	2026-02-17 21:51:24.611779	2026-02-17 21:51:24.611779	2	34	\N	\N	{"timestamp":"2026-02-17 21:51:24","error":{"detail":"参数错误","message":null,"code":null,"field":null,"stackTrace":null},"code":"500","message":"参数错误","path":null,"data":null,"status":500,"traceId":null}	com.terra.ems.admin.controller.SysUserController.resetPwd()	\N	\N	\N	\N	\N	\N	1	POST	0	用户管理	127.0.0.1	内网IP	admin	{"password":"SnowMan12#$"}	2026-02-17 21:51:24.556771	/api/system/user/resetPwd
75	2026-02-17 21:51:42.989994	2026-02-17 21:51:42.989994	2	3	\N	\N	{"timestamp":"2026-02-17 21:51:42","error":{"detail":"参数错误","message":null,"code":null,"field":null,"stackTrace":null},"code":"500","message":"参数错误","path":null,"data":null,"status":500,"traceId":null}	com.terra.ems.admin.controller.SysUserController.resetPwd()	\N	\N	\N	\N	\N	\N	1	POST	0	用户管理	127.0.0.1	内网IP	admin	{"password":"SnowMan12#$"}	2026-02-17 21:51:42.977116	/api/system/user/resetPwd
76	2026-02-17 21:58:43.004991	2026-02-17 21:58:43.004991	2	198	\N	\N	{"timestamp":"2026-02-17 21:58:42","error":{"detail":null,"message":null,"code":null,"field":null,"stackTrace":null},"code":"20000","message":"重置成功","path":null,"data":null,"status":200,"traceId":null}	com.terra.ems.admin.controller.SysUserController.resetPwd()	\N	\N	\N	\N	\N	\N	1	POST	0	用户管理	127.0.0.1	内网IP	admin	{"userId":93,"password":"SnowMan12#$"}	2026-02-17 21:58:42.970682	/api/system/user/resetPwd
77	2026-02-17 21:59:37.453244	2026-02-17 21:59:37.453244	3	47	\N	\N	{"timestamp":"2026-02-17 21:59:37","error":{"detail":null,"message":null,"code":null,"field":null,"stackTrace":null},"code":"20000","message":"删除成功","path":null,"data":null,"status":200,"traceId":null}	com.terra.ems.admin.controller.SysUserController.delete()	\N	\N	\N	\N	\N	\N	1	DELETE	0	系统用户管理	127.0.0.1	内网IP	admin	{}	2026-02-17 21:59:37.439343	/api/system/user/94
78	2026-02-17 21:59:41.903456	2026-02-17 21:59:41.903456	5	432	\N	\N	\N	com.terra.ems.admin.controller.SysUserController.export()	\N	\N	\N	\N	\N	\N	1	POST	0	用户管理	127.0.0.1	内网IP	admin	{}	2026-02-17 21:59:41.891966	/api/system/user/export
79	2026-02-19 10:13:30.100671	2026-02-19 10:13:30.100671	3	74	\N	could not execute statement [ERROR: update or delete on table "sys_post" violates foreign key constraint "fkng2mc7xcmyerevvobtw95bmu9" on table "sys_user_post"\n  详细：Key (id)=(15) is still referenced from table "sys_user_post".] [delete from sys_post where id=?]; SQL [delete from sys_post where id=?]; constraint [fkng2mc7xcmyerevvobtw95bmu9]	\N	com.terra.ems.admin.controller.SysPostController.delete()	\N	\N	\N	\N	\N	\N	1	DELETE	1	岗位管理	127.0.0.1	内网IP	admin	{}	2026-02-19 10:13:30.08363	/api/system/post/15
80	2026-02-19 10:13:51.486193	2026-02-19 10:13:51.486193	3	17	\N	\N	{"timestamp":"2026-02-19 10:13:51","error":{"detail":null,"message":null,"code":null,"field":null,"stackTrace":null},"code":"20000","message":"删除成功","path":null,"data":null,"status":200,"traceId":null}	com.terra.ems.admin.controller.SysPostController.delete()	\N	\N	\N	\N	\N	\N	1	DELETE	0	岗位管理	127.0.0.1	内网IP	admin	{}	2026-02-19 10:13:51.473672	/api/system/post/19
81	2026-02-19 10:15:34.933278	2026-02-19 10:15:34.933278	3	21	\N	\N	{"timestamp":"2026-02-19 10:15:34","error":{"detail":null,"message":null,"code":null,"field":null,"stackTrace":null},"code":"20000","message":"删除成功","path":null,"data":null,"status":200,"traceId":null}	com.terra.ems.admin.controller.SysPostController.deleteBatch()	\N	\N	\N	\N	\N	\N	1	DELETE	0	岗位管理	127.0.0.1	内网IP	admin	{}	2026-02-19 10:15:34.919878	/api/system/post
82	2026-02-19 11:06:48.639408	2026-02-19 11:06:48.639408	2	38	\N	could not execute statement [ERROR: null value in column "name" of relation "sys_dept" violates not-null constraint\n  详细：Failing row contains (103, 2026-02-16 09:22:38.179264, 2026-02-19 11:06:48.594959, null, null, null, null, null, null, 0, 0, 102).] [update sys_dept set ancestors=?,code=?,email=?,leader=?,name=?,parent_id=?,phone=?,sort_order=?,status=?,updated_at=? where id=?]; SQL [update sys_dept set ancestors=?,code=?,email=?,leader=?,name=?,parent_id=?,phone=?,sort_order=?,status=?,updated_at=? where id=?]; constraint [name" of relation "sys_dept]	\N	com.terra.ems.admin.controller.SysDeptController.saveOrUpdate()	\N	\N	\N	\N	\N	\N	1	POST	1	部门管理	127.0.0.1	内网IP	admin	{"createdAt":null,"updatedAt":null,"id":103,"parent":{"createdAt":null,"updatedAt":null,"id":102,"name":null,"code":null,"sortOrder":0,"leader":null,"phone":null,"email":null,"ancestors":null,"status":0,"parentId":null},"name":null,"code":null,"sortOrder":0,"leader":null,"phone":null,"email":null,"ancestors":null,"status":0,"children":[],"parentId":102}	2026-02-19 11:06:48.622195	/api/system/dept
83	2026-02-19 16:40:53.903132	2026-02-19 16:40:53.903132	3	75	\N	could not execute statement [ERROR: update or delete on table "sys_dept" violates foreign key constraint "fkb3pkx0wbo6o8i8lj0gxr37v1n" on table "sys_user"\n  详细：Key (id)=(104) is still referenced from table "sys_user".] [delete from sys_dept where id=?]; SQL [delete from sys_dept where id=?]; constraint [fkb3pkx0wbo6o8i8lj0gxr37v1n]	\N	com.terra.ems.admin.controller.SysDeptController.delete()	\N	\N	\N	\N	\N	\N	1	DELETE	1	部门管理	127.0.0.1	内网IP	admin	{}	2026-02-19 16:40:53.881728	/api/system/dept/104
84	2026-02-19 16:41:01.509153	2026-02-19 16:41:01.509153	3	12	\N	could not execute statement [ERROR: update or delete on table "sys_dept" violates foreign key constraint "fkb3pkx0wbo6o8i8lj0gxr37v1n" on table "sys_user"\n  详细：Key (id)=(103) is still referenced from table "sys_user".] [delete from sys_dept where id=?]; SQL [delete from sys_dept where id=?]; constraint [fkb3pkx0wbo6o8i8lj0gxr37v1n]	\N	com.terra.ems.admin.controller.SysDeptController.delete()	\N	\N	\N	\N	\N	\N	1	DELETE	1	部门管理	127.0.0.1	内网IP	admin	{}	2026-02-19 16:41:01.495666	/api/system/dept/103
85	2026-02-19 16:41:05.193897	2026-02-19 16:41:05.193897	3	16	\N	\N	{"timestamp":"2026-02-19 16:41:05","error":{"detail":null,"message":null,"code":null,"field":null,"stackTrace":null},"code":"20000","message":"删除成功","path":null,"data":null,"status":200,"traceId":null}	com.terra.ems.admin.controller.SysDeptController.delete()	\N	\N	\N	\N	\N	\N	1	DELETE	0	部门管理	127.0.0.1	内网IP	admin	{}	2026-02-19 16:41:05.180494	/api/system/dept/102
86	2026-02-19 16:44:47.312629	2026-02-19 16:44:47.312629	3	16	\N	\N	{"timestamp":"2026-02-19 16:44:47","error":{"detail":null,"message":null,"code":null,"field":null,"stackTrace":null},"code":"20000","message":"删除成功","path":null,"data":null,"status":200,"traceId":null}	com.terra.ems.admin.controller.SysDeptController.delete()	\N	\N	\N	\N	\N	\N	1	DELETE	0	部门管理	127.0.0.1	内网IP	admin	{}	2026-02-19 16:44:47.299332	/api/system/dept/201
87	2026-02-19 16:58:29.287951	2026-02-19 16:58:29.287951	2	48	\N	could not execute statement [ERROR: null value in column "name" of relation "sys_dept" violates not-null constraint\n  详细：Failing row contains (101, 2026-02-16 09:22:38.179264, 2026-02-19 16:58:29.26001, null, null, null, null, null, null, 0, 0, 202, null, null).] [update sys_dept set ancestors=?,code=?,description=?,email=?,leader=?,manager_id=?,name=?,parent_id=?,phone=?,sort_order=?,status=?,updated_at=? where id=?]; SQL [update sys_dept set ancestors=?,code=?,description=?,email=?,leader=?,manager_id=?,name=?,parent_id=?,phone=?,sort_order=?,status=?,updated_at=? where id=?]; constraint [name" of relation "sys_dept]	\N	com.terra.ems.admin.controller.SysDeptController.saveOrUpdate()	\N	\N	\N	\N	\N	\N	1	POST	1	部门管理	127.0.0.1	内网IP	admin	{"createdAt":null,"updatedAt":null,"id":101,"parent":{"createdAt":null,"updatedAt":null,"id":202,"name":null,"code":null,"sortOrder":0,"leader":null,"phone":null,"email":null,"ancestors":null,"status":0,"manager":null,"description":null,"memberCount":null,"managerId":null,"managerName":null,"parentId":null,"parentName":null},"name":null,"code":null,"sortOrder":0,"leader":null,"phone":null,"email":null,"ancestors":null,"status":0,"children":[],"manager":null,"description":null,"memberCount":null,"managerId":null,"managerName":null,"parentId":202,"parentName":null}	2026-02-19 16:58:29.273489	/api/system/dept
88	2026-02-19 16:58:42.566265	2026-02-19 16:58:42.566265	2	15	\N	could not execute statement [ERROR: null value in column "name" of relation "sys_dept" violates not-null constraint\n  详细：Failing row contains (101, 2026-02-16 09:22:38.179264, 2026-02-19 16:58:42.54882, null, null, null, null, null, null, 0, 0, 202, null, null).] [update sys_dept set ancestors=?,code=?,description=?,email=?,leader=?,manager_id=?,name=?,parent_id=?,phone=?,sort_order=?,status=?,updated_at=? where id=?]; SQL [update sys_dept set ancestors=?,code=?,description=?,email=?,leader=?,manager_id=?,name=?,parent_id=?,phone=?,sort_order=?,status=?,updated_at=? where id=?]; constraint [name" of relation "sys_dept]	\N	com.terra.ems.admin.controller.SysDeptController.saveOrUpdate()	\N	\N	\N	\N	\N	\N	1	POST	1	部门管理	127.0.0.1	内网IP	admin	{"createdAt":null,"updatedAt":null,"id":101,"parent":{"createdAt":null,"updatedAt":null,"id":202,"name":null,"code":null,"sortOrder":0,"leader":null,"phone":null,"email":null,"ancestors":null,"status":0,"manager":null,"description":null,"memberCount":null,"managerId":null,"managerName":null,"parentId":null,"parentName":null},"name":null,"code":null,"sortOrder":0,"leader":null,"phone":null,"email":null,"ancestors":null,"status":0,"children":[],"manager":null,"description":null,"memberCount":null,"managerId":null,"managerName":null,"parentId":202,"parentName":null}	2026-02-19 16:58:42.553743	/api/system/dept
89	2026-02-19 17:03:14.173416	2026-02-19 17:03:14.173416	2	91	\N	could not execute statement [ERROR: update or delete on table "sys_dept" violates foreign key constraint "fkb3pkx0wbo6o8i8lj0gxr37v1n" on table "sys_user"\n  详细：Key (id)=(103) is still referenced from table "sys_user".] [delete from sys_dept where id=?]; SQL [delete from sys_dept where id=?]; constraint [fkb3pkx0wbo6o8i8lj0gxr37v1n]	\N	com.terra.ems.admin.controller.SysDeptController.saveOrUpdate()	\N	\N	\N	\N	\N	\N	1	POST	1	部门管理	127.0.0.1	内网IP	admin		2026-02-19 17:03:14.15608	/api/system/dept
90	2026-02-19 17:03:22.569766	2026-02-19 17:03:22.569766	2	18	\N	could not execute statement [ERROR: update or delete on table "sys_dept" violates foreign key constraint "fkb3pkx0wbo6o8i8lj0gxr37v1n" on table "sys_user"\n  详细：Key (id)=(103) is still referenced from table "sys_user".] [delete from sys_dept where id=?]; SQL [delete from sys_dept where id=?]; constraint [fkb3pkx0wbo6o8i8lj0gxr37v1n]	\N	com.terra.ems.admin.controller.SysDeptController.saveOrUpdate()	\N	\N	\N	\N	\N	\N	1	POST	1	部门管理	127.0.0.1	内网IP	admin		2026-02-19 17:03:22.557089	/api/system/dept
91	2026-02-19 17:03:30.708898	2026-02-19 17:03:30.708898	2	24	\N	could not execute statement [ERROR: update or delete on table "sys_dept" violates foreign key constraint "fkb3pkx0wbo6o8i8lj0gxr37v1n" on table "sys_user"\n  详细：Key (id)=(103) is still referenced from table "sys_user".] [delete from sys_dept where id=?]; SQL [delete from sys_dept where id=?]; constraint [fkb3pkx0wbo6o8i8lj0gxr37v1n]	\N	com.terra.ems.admin.controller.SysDeptController.saveOrUpdate()	\N	\N	\N	\N	\N	\N	1	POST	1	部门管理	127.0.0.1	内网IP	admin		2026-02-19 17:03:30.695892	/api/system/dept
92	2026-02-19 17:11:56.811408	2026-02-19 17:11:56.811408	2	54	\N	could not execute statement [ERROR: update or delete on table "sys_dept" violates foreign key constraint "fkb3pkx0wbo6o8i8lj0gxr37v1n" on table "sys_user"\n  详细：Key (id)=(103) is still referenced from table "sys_user".] [delete from sys_dept where id=?]; SQL [delete from sys_dept where id=?]; constraint [fkb3pkx0wbo6o8i8lj0gxr37v1n]	\N	com.terra.ems.admin.controller.SysDeptController.saveOrUpdate()	\N	\N	\N	\N	\N	\N	1	POST	1	部门管理	127.0.0.1	内网IP	admin		2026-02-19 17:11:56.796366	/api/system/dept
93	2026-02-19 18:21:42.888556	2026-02-19 18:21:42.888556	3	67	\N	could not execute statement [ERROR: update or delete on table "sys_dept" violates foreign key constraint "fkb3pkx0wbo6o8i8lj0gxr37v1n" on table "sys_user"\n  详细：Key (id)=(202) is still referenced from table "sys_user".] [delete from sys_dept where id=?]; SQL [delete from sys_dept where id=?]; constraint [fkb3pkx0wbo6o8i8lj0gxr37v1n]	\N	com.terra.ems.admin.controller.SysDeptController.delete()	\N	\N	\N	\N	\N	\N	1	DELETE	1	部门管理	127.0.0.1	内网IP	admin	{}	2026-02-19 18:21:42.866122	/api/system/dept/202
94	2026-02-19 18:26:00.085819	2026-02-19 18:26:00.085819	3	35	\N	\N	{"timestamp":"2026-02-19 18:26:00","error":{"detail":null,"message":null,"code":null,"field":null,"stackTrace":null},"code":"20000","message":"删除成功","path":null,"data":null,"status":200,"traceId":null}	com.terra.ems.admin.controller.SysDeptController.delete()	\N	\N	\N	\N	\N	\N	1	DELETE	0	部门管理	127.0.0.1	内网IP	admin	{}	2026-02-19 18:26:00.069873	/api/system/dept/104
95	2026-02-19 19:58:30.673359	2026-02-19 19:58:30.673359	3	28	\N	\N	{"timestamp":"2026-02-19 19:58:30","error":{"detail":null,"message":null,"code":null,"field":null,"stackTrace":null},"code":"20000","message":"删除成功","path":null,"data":null,"status":200,"traceId":null}	com.terra.ems.admin.controller.SysDeptController.delete()	\N	\N	\N	\N	\N	\N	1	DELETE	0	部门管理	127.0.0.1	内网IP	admin	{}	2026-02-19 19:58:30.655932	/api/system/dept/203
112	2026-02-21 22:14:33.618821	2026-02-21 22:14:33.618821	3	68	\N	\N	{"timestamp":"2026-02-21 22:14:33","error":{"detail":null,"message":null,"code":null,"field":null,"stackTrace":null},"code":"20000","message":"删除成功","path":null,"data":null,"status":200,"traceId":null}	com.terra.ems.admin.controller.SysPermissionController.deleteBatch()	\N	\N	\N	\N	\N	\N	1	DELETE	0	权限管理	127.0.0.1	内网IP	admin	{}	2026-02-21 22:14:33.605177	/api/system/permission
113	2026-02-21 22:14:37.867003	2026-02-21 22:14:37.867003	3	77	\N	\N	{"timestamp":"2026-02-21 22:14:37","error":{"detail":null,"message":null,"code":null,"field":null,"stackTrace":null},"code":"20000","message":"删除成功","path":null,"data":null,"status":200,"traceId":null}	com.terra.ems.admin.controller.SysPermissionController.deleteBatch()	\N	\N	\N	\N	\N	\N	1	DELETE	0	权限管理	127.0.0.1	内网IP	admin	{}	2026-02-21 22:14:37.854563	/api/system/permission
96	2026-02-19 19:58:46.391671	2026-02-19 19:58:46.391671	2	20	\N	部门不存在	\N	com.terra.ems.admin.controller.SysDeptController.update()	\N	\N	\N	\N	\N	\N	1	PUT	1	部门管理	127.0.0.1	内网IP	admin	203 {"createdAt":null,"updatedAt":null,"id":203,"parent":{"createdAt":null,"updatedAt":null,"id":100,"name":null,"code":null,"sortOrder":0,"leader":null,"phone":null,"email":null,"ancestors":null,"status":0,"manager":null,"description":null,"memberCount":null,"managerId":null,"managerName":null,"parentId":null,"parentName":null},"name":"技术支撑中心","code":null,"sortOrder":0,"leader":null,"phone":null,"email":null,"ancestors":null,"status":0,"children":[],"manager":{"createdAt":null,"updatedAt":null,"id":1,"username":null,"realName":null,"avatar":null,"email":null,"phone":null,"gender":2,"employeeNo":null,"remark":null,"status":0,"accountExpireAt":null,"credentialsExpireAt":null,"failLoginCount":0,"lastLoginAt":null,"enabled":true,"accountNonLocked":true,"accountNonExpired":true,"credentialsNonExpired":true,"positions":null,"deptId":null},"description":null,"memberCount":null,"managerId":1,"managerName":null,"parentId":100,"parentName":null}	2026-02-19 19:58:46.374764	/api/system/dept/203
97	2026-02-19 20:06:42.026929	2026-02-19 20:06:42.026929	3	16	\N	\N	{"timestamp":"2026-02-19 20:06:42","error":{"detail":null,"message":null,"code":null,"field":null,"stackTrace":null},"code":"20000","message":"删除成功","path":null,"data":null,"status":200,"traceId":null}	com.terra.ems.admin.controller.SysDeptController.delete()	\N	\N	\N	\N	\N	\N	1	DELETE	0	部门管理	127.0.0.1	内网IP	admin	{}	2026-02-19 20:06:42.008343	/api/system/dept/204
98	2026-02-21 21:49:01.351876	2026-02-21 21:49:01.351876	3	74	\N	\N	{"timestamp":"2026-02-21 21:49:01","error":{"detail":null,"message":null,"code":null,"field":null,"stackTrace":null},"code":"20000","message":"删除成功","path":null,"data":null,"status":200,"traceId":null}	com.terra.ems.admin.controller.SysPermissionController.deleteBatch()	\N	\N	\N	\N	\N	\N	1	DELETE	0	权限管理	127.0.0.1	内网IP	admin	{}	2026-02-21 21:49:01.333612	/api/system/permission
99	2026-02-21 21:49:05.970867	2026-02-21 21:49:05.970867	3	35	\N	\N	{"timestamp":"2026-02-21 21:49:05","error":{"detail":null,"message":null,"code":null,"field":null,"stackTrace":null},"code":"20000","message":"删除成功","path":null,"data":null,"status":200,"traceId":null}	com.terra.ems.admin.controller.SysPermissionController.deleteBatch()	\N	\N	\N	\N	\N	\N	1	DELETE	0	权限管理	127.0.0.1	内网IP	admin	{}	2026-02-21 21:49:05.958078	/api/system/permission
100	2026-02-21 21:49:13.037919	2026-02-21 21:49:13.037919	3	73	\N	\N	{"timestamp":"2026-02-21 21:49:13","error":{"detail":null,"message":null,"code":null,"field":null,"stackTrace":null},"code":"20000","message":"删除成功","path":null,"data":null,"status":200,"traceId":null}	com.terra.ems.admin.controller.SysPermissionController.deleteBatch()	\N	\N	\N	\N	\N	\N	1	DELETE	0	权限管理	127.0.0.1	内网IP	admin	{}	2026-02-21 21:49:13.022662	/api/system/permission
101	2026-02-21 21:49:18.947948	2026-02-21 21:49:18.947948	3	69	\N	\N	{"timestamp":"2026-02-21 21:49:18","error":{"detail":null,"message":null,"code":null,"field":null,"stackTrace":null},"code":"20000","message":"删除成功","path":null,"data":null,"status":200,"traceId":null}	com.terra.ems.admin.controller.SysPermissionController.deleteBatch()	\N	\N	\N	\N	\N	\N	1	DELETE	0	权限管理	127.0.0.1	内网IP	admin	{}	2026-02-21 21:49:18.93527	/api/system/permission
102	2026-02-21 21:53:06.580722	2026-02-21 21:53:06.580722	3	71	\N	\N	{"timestamp":"2026-02-21 21:53:06","error":{"detail":null,"message":null,"code":null,"field":null,"stackTrace":null},"code":"20000","message":"删除成功","path":null,"data":null,"status":200,"traceId":null}	com.terra.ems.admin.controller.SysPermissionController.deleteBatch()	\N	\N	\N	\N	\N	\N	1	DELETE	0	权限管理	127.0.0.1	内网IP	admin	{}	2026-02-21 21:53:06.564049	/api/system/permission
103	2026-02-21 21:53:10.696135	2026-02-21 21:53:10.696135	3	57	\N	\N	{"timestamp":"2026-02-21 21:53:10","error":{"detail":null,"message":null,"code":null,"field":null,"stackTrace":null},"code":"20000","message":"删除成功","path":null,"data":null,"status":200,"traceId":null}	com.terra.ems.admin.controller.SysPermissionController.deleteBatch()	\N	\N	\N	\N	\N	\N	1	DELETE	0	权限管理	127.0.0.1	内网IP	admin	{}	2026-02-21 21:53:10.684433	/api/system/permission
104	2026-02-21 21:53:14.649545	2026-02-21 21:53:14.649545	3	63	\N	\N	{"timestamp":"2026-02-21 21:53:14","error":{"detail":null,"message":null,"code":null,"field":null,"stackTrace":null},"code":"20000","message":"删除成功","path":null,"data":null,"status":200,"traceId":null}	com.terra.ems.admin.controller.SysPermissionController.deleteBatch()	\N	\N	\N	\N	\N	\N	1	DELETE	0	权限管理	127.0.0.1	内网IP	admin	{}	2026-02-21 21:53:14.63742	/api/system/permission
105	2026-02-21 21:53:18.988868	2026-02-21 21:53:18.988868	3	48	\N	\N	{"timestamp":"2026-02-21 21:53:18","error":{"detail":null,"message":null,"code":null,"field":null,"stackTrace":null},"code":"20000","message":"删除成功","path":null,"data":null,"status":200,"traceId":null}	com.terra.ems.admin.controller.SysPermissionController.deleteBatch()	\N	\N	\N	\N	\N	\N	1	DELETE	0	权限管理	127.0.0.1	内网IP	admin	{}	2026-02-21 21:53:18.97727	/api/system/permission
106	2026-02-21 22:13:27.300534	2026-02-21 22:13:27.300534	3	79	\N	\N	{"timestamp":"2026-02-21 22:13:27","error":{"detail":null,"message":null,"code":null,"field":null,"stackTrace":null},"code":"20000","message":"删除成功","path":null,"data":null,"status":200,"traceId":null}	com.terra.ems.admin.controller.SysPermissionController.deleteBatch()	\N	\N	\N	\N	\N	\N	1	DELETE	0	权限管理	127.0.0.1	内网IP	admin	{}	2026-02-21 22:13:27.281892	/api/system/permission
107	2026-02-21 22:13:31.619672	2026-02-21 22:13:31.619672	3	79	\N	\N	{"timestamp":"2026-02-21 22:13:31","error":{"detail":null,"message":null,"code":null,"field":null,"stackTrace":null},"code":"20000","message":"删除成功","path":null,"data":null,"status":200,"traceId":null}	com.terra.ems.admin.controller.SysPermissionController.deleteBatch()	\N	\N	\N	\N	\N	\N	1	DELETE	0	权限管理	127.0.0.1	内网IP	admin	{}	2026-02-21 22:13:31.565508	/api/system/permission
108	2026-02-21 22:13:35.535009	2026-02-21 22:13:35.535009	3	55	\N	\N	{"timestamp":"2026-02-21 22:13:35","error":{"detail":null,"message":null,"code":null,"field":null,"stackTrace":null},"code":"20000","message":"删除成功","path":null,"data":null,"status":200,"traceId":null}	com.terra.ems.admin.controller.SysPermissionController.deleteBatch()	\N	\N	\N	\N	\N	\N	1	DELETE	0	权限管理	127.0.0.1	内网IP	admin	{}	2026-02-21 22:13:35.522356	/api/system/permission
109	2026-02-21 22:13:40.164311	2026-02-21 22:13:40.164311	3	71	\N	\N	{"timestamp":"2026-02-21 22:13:40","error":{"detail":null,"message":null,"code":null,"field":null,"stackTrace":null},"code":"20000","message":"删除成功","path":null,"data":null,"status":200,"traceId":null}	com.terra.ems.admin.controller.SysPermissionController.deleteBatch()	\N	\N	\N	\N	\N	\N	1	DELETE	0	权限管理	127.0.0.1	内网IP	admin	{}	2026-02-21 22:13:40.149189	/api/system/permission
110	2026-02-21 22:14:25.243746	2026-02-21 22:14:25.243746	3	48	\N	\N	{"timestamp":"2026-02-21 22:14:25","error":{"detail":null,"message":null,"code":null,"field":null,"stackTrace":null},"code":"20000","message":"删除成功","path":null,"data":null,"status":200,"traceId":null}	com.terra.ems.admin.controller.SysPermissionController.deleteBatch()	\N	\N	\N	\N	\N	\N	1	DELETE	0	权限管理	127.0.0.1	内网IP	admin	{}	2026-02-21 22:14:25.230982	/api/system/permission
111	2026-02-21 22:14:29.068907	2026-02-21 22:14:29.068907	3	68	\N	\N	{"timestamp":"2026-02-21 22:14:29","error":{"detail":null,"message":null,"code":null,"field":null,"stackTrace":null},"code":"20000","message":"删除成功","path":null,"data":null,"status":200,"traceId":null}	com.terra.ems.admin.controller.SysPermissionController.deleteBatch()	\N	\N	\N	\N	\N	\N	1	DELETE	0	权限管理	127.0.0.1	内网IP	admin	{}	2026-02-21 22:14:29.055505	/api/system/permission
114	2026-02-21 22:14:48.460926	2026-02-21 22:14:48.460926	3	37	\N	\N	{"timestamp":"2026-02-21 22:14:48","error":{"detail":null,"message":null,"code":null,"field":null,"stackTrace":null},"code":"20000","message":"删除成功","path":null,"data":null,"status":200,"traceId":null}	com.terra.ems.admin.controller.SysPermissionController.deleteBatch()	\N	\N	\N	\N	\N	\N	1	DELETE	0	权限管理	127.0.0.1	内网IP	admin	{}	2026-02-21 22:14:48.448678	/api/system/permission
115	2026-02-21 22:14:52.087318	2026-02-21 22:14:52.087318	3	62	\N	\N	{"timestamp":"2026-02-21 22:14:52","error":{"detail":null,"message":null,"code":null,"field":null,"stackTrace":null},"code":"20000","message":"删除成功","path":null,"data":null,"status":200,"traceId":null}	com.terra.ems.admin.controller.SysPermissionController.deleteBatch()	\N	\N	\N	\N	\N	\N	1	DELETE	0	权限管理	127.0.0.1	内网IP	admin	{}	2026-02-21 22:14:52.074776	/api/system/permission
116	2026-02-21 22:14:55.294709	2026-02-21 22:14:55.294709	3	69	\N	\N	{"timestamp":"2026-02-21 22:14:55","error":{"detail":null,"message":null,"code":null,"field":null,"stackTrace":null},"code":"20000","message":"删除成功","path":null,"data":null,"status":200,"traceId":null}	com.terra.ems.admin.controller.SysPermissionController.deleteBatch()	\N	\N	\N	\N	\N	\N	1	DELETE	0	权限管理	127.0.0.1	内网IP	admin	{}	2026-02-21 22:14:55.281676	/api/system/permission
117	2026-02-21 22:14:58.872401	2026-02-21 22:14:58.872401	3	47	\N	\N	{"timestamp":"2026-02-21 22:14:58","error":{"detail":null,"message":null,"code":null,"field":null,"stackTrace":null},"code":"20000","message":"删除成功","path":null,"data":null,"status":200,"traceId":null}	com.terra.ems.admin.controller.SysPermissionController.deleteBatch()	\N	\N	\N	\N	\N	\N	1	DELETE	0	权限管理	127.0.0.1	内网IP	admin	{}	2026-02-21 22:14:58.858092	/api/system/permission
118	2026-02-22 07:54:54.464331	2026-02-22 07:54:54.464331	2	202	\N	\N	{"timestamp":"2026-02-22 07:54:54","error":{"detail":null,"message":null,"code":null,"field":null,"stackTrace":null},"code":"20000","message":"更新权限成功","path":null,"data":null,"status":200,"traceId":null}	com.terra.ems.admin.controller.SysRoleController.updatePermissions()	\N	\N	\N	\N	\N	\N	1	POST	0	角色管理	127.0.0.1	内网IP	admin	1 {"permissionIds":[401,402,403,406,404,405,407,408,410,409,411,412,413,414,415,416,417,418,419,420,421,422,423,424,425,426,427,428,429,430,437,438,439,436,440,441,442,443,444,445,446,447,448,449,450,451,452,453,454,455,456,457,458,459,460,461,462,463,464,465,466,467,468,469,470,472,471,473,474,475,476,477,478,479,480,431,432,433,434,435]}	2026-02-22 07:54:54.442891	/api/system/role/1/permissions
119	2026-02-22 07:55:21.386804	2026-02-22 07:55:21.386804	2	112	\N	\N	{"timestamp":"2026-02-22 07:55:21","error":{"detail":null,"message":null,"code":null,"field":null,"stackTrace":null},"code":"20000","message":"更新权限成功","path":null,"data":null,"status":200,"traceId":null}	com.terra.ems.admin.controller.SysRoleController.updatePermissions()	\N	\N	\N	\N	\N	\N	1	POST	0	角色管理	127.0.0.1	内网IP	admin	1 {"permissionIds":[401,402,403,406,404,405,407,408,410,409,411,412,413,414,415,416,417,418,419,420,421,422,423,424,425,426,427,428,429,430,437,438,439,436,440,441,442,443,444,445,446,447,448,449,450,451,452,453,454,455,456,457,458,459,460,461,462,463,464,465,466,467,468,469,470,472,471,473,474,475,476,477,478,479,480,431,432,433,434,435]}	2026-02-22 07:55:21.37405	/api/system/role/1/permissions
120	2026-02-22 08:00:53.308657	2026-02-22 08:00:53.308657	2	130	\N	\N	{"timestamp":"2026-02-22 08:00:53","error":{"detail":null,"message":null,"code":null,"field":null,"stackTrace":null},"code":"20000","message":"更新权限成功","path":null,"data":null,"status":200,"traceId":null}	com.terra.ems.admin.controller.SysRoleController.updatePermissions()	\N	\N	\N	\N	\N	\N	1	POST	0	角色管理	127.0.0.1	内网IP	admin	1 {"permissionIds":[401,402,403,406,404,405,407,408,410,409,411,412,413,414,415,416,417,418,419,420,421,422,423,424,425,426,427,428,429,430,437,438,439,436,440,441,442,443,444,445,446,447,448,449,450,451,452,453,454,455,456,457,458,459,460,461,462,463,464,465,466,467,468,469,470,472,471,473,474,475,476,477,478,479,480,431,432,433,434,435]}	2026-02-22 08:00:53.293768	/api/system/role/1/permissions
121	2026-02-22 08:54:51.815088	2026-02-22 08:54:51.815088	2	190	\N	\N	{"timestamp":"2026-02-22 08:54:51","error":{"detail":null,"message":null,"code":null,"field":null,"stackTrace":null},"code":"20000","message":"移除成员成功","path":null,"data":null,"status":200,"traceId":null}	com.terra.ems.admin.controller.SysRoleController.removeMembers()	\N	\N	\N	\N	\N	\N	1	DELETE	0	角色管理	127.0.0.1	内网IP	admin	{}	2026-02-22 08:54:51.78782	/api/system/role/1/members
122	2026-02-22 08:54:58.9539	2026-02-22 08:54:58.9539	2	61	\N	\N	{"timestamp":"2026-02-22 08:54:58","error":{"detail":null,"message":null,"code":null,"field":null,"stackTrace":null},"code":"20000","message":"移除成员成功","path":null,"data":null,"status":200,"traceId":null}	com.terra.ems.admin.controller.SysRoleController.removeMembers()	\N	\N	\N	\N	\N	\N	1	DELETE	0	角色管理	127.0.0.1	内网IP	admin	{}	2026-02-22 08:54:58.939993	/api/system/role/1/members
123	2026-02-22 09:13:18.344138	2026-02-22 09:13:18.344138	2	102	\N	\N	{"timestamp":"2026-02-22 09:13:18","error":{"detail":null,"message":null,"code":null,"field":null,"stackTrace":null},"code":"20000","message":"添加成员成功","path":null,"data":null,"status":200,"traceId":null}	com.terra.ems.admin.controller.SysRoleController.addMembers()	\N	\N	\N	\N	\N	\N	1	POST	0	角色管理	127.0.0.1	内网IP	admin	1 [96,99]	2026-02-22 09:13:18.325891	/api/system/role/1/members
124	2026-02-22 09:20:45.365714	2026-02-22 09:20:45.365714	2	105	\N	\N	{"timestamp":"2026-02-22 09:20:45","error":{"detail":null,"message":null,"code":null,"field":null,"stackTrace":null},"code":"20000","message":"添加成员成功","path":null,"data":null,"status":200,"traceId":null}	com.terra.ems.admin.controller.SysRoleController.addMembers()	\N	\N	\N	\N	\N	\N	1	POST	0	角色管理	127.0.0.1	内网IP	admin	1 [96,99,95]	2026-02-22 09:20:45.348859	/api/system/role/1/members
125	2026-02-22 09:20:52.668318	2026-02-22 09:20:52.668318	2	84	\N	\N	{"timestamp":"2026-02-22 09:20:52","error":{"detail":null,"message":null,"code":null,"field":null,"stackTrace":null},"code":"20000","message":"移除成员成功","path":null,"data":null,"status":200,"traceId":null}	com.terra.ems.admin.controller.SysRoleController.removeMembers()	\N	\N	\N	\N	\N	\N	1	DELETE	0	角色管理	127.0.0.1	内网IP	admin	{}	2026-02-22 09:20:52.655242	/api/system/role/1/members
126	2026-02-22 09:21:00.33483	2026-02-22 09:21:00.33483	2	162	\N	\N	{"timestamp":"2026-02-22 09:21:00","error":{"detail":null,"message":null,"code":null,"field":null,"stackTrace":null},"code":"20000","message":"更新权限成功","path":null,"data":null,"status":200,"traceId":null}	com.terra.ems.admin.controller.SysRoleController.updatePermissions()	\N	\N	\N	\N	\N	\N	1	POST	0	角色管理	127.0.0.1	内网IP	admin	1 {"permissionIds":[401,402,403,404,405,406,407,408,410,409,411,412,413,414,415,416,417,418,419,420,421,422,423,424,425,426,427,428,429,430,437,438,439,436,440,441,442,443,444,445,446,447,448,449,450,451,452,453,454,455,456,457,458,459,460,461,462,463,464,465,466,467,468,469,470,471,472,473,474,475,476,477,478,479,480]}	2026-02-22 09:21:00.32224	/api/system/role/1/permissions
127	2026-02-23 19:34:02.952417	2026-02-23 19:34:02.952417	2	124	\N	\N	{"timestamp":"2026-02-23 19:34:02","error":{"detail":null,"message":null,"code":null,"field":null,"stackTrace":null},"code":"20000","message":"设置成功","path":null,"data":null,"status":200,"traceId":null}	com.terra.ems.admin.controller.SysUserController.setSuper()	\N	\N	\N	\N	\N	\N	1	POST	0	用户管理	127.0.0.1	内网IP	admin	97 {"isSuper":true}	2026-02-23 19:34:02.930911	/api/system/user/97/setSuper
128	2026-02-25 21:47:46.727513	2026-02-25 21:47:46.727513	2	151	\N	\N	{"timestamp":"2026-02-25 21:47:46","error":{"detail":null,"message":null,"code":null,"field":null,"stackTrace":null},"code":"20000","message":"分配成功","path":null,"data":null,"status":200,"traceId":null}	com.terra.ems.admin.controller.SysUserController.updateRoles()	\N	\N	\N	\N	\N	\N	1	POST	0	用户管理	127.0.0.1	内网IP	admin	98 [1]	2026-02-25 21:47:46.713825	/api/system/user/98/roles
129	2026-02-25 21:48:08.644572	2026-02-25 21:48:08.644572	2	34	\N	\N	{"timestamp":"2026-02-25 21:48:08","error":{"detail":null,"message":null,"code":null,"field":null,"stackTrace":null},"code":"20000","message":"分配成功","path":null,"data":null,"status":200,"traceId":null}	com.terra.ems.admin.controller.SysUserController.updateRoles()	\N	\N	\N	\N	\N	\N	1	POST	0	用户管理	127.0.0.1	内网IP	admin	98 [1]	2026-02-25 21:48:08.632353	/api/system/user/98/roles
130	2026-02-25 21:48:14.040957	2026-02-25 21:48:14.040957	2	17	\N	\N	{"timestamp":"2026-02-25 21:48:14","error":{"detail":null,"message":null,"code":null,"field":null,"stackTrace":null},"code":"20000","message":"分配成功","path":null,"data":null,"status":200,"traceId":null}	com.terra.ems.admin.controller.SysUserController.updateRoles()	\N	\N	\N	\N	\N	\N	1	POST	0	用户管理	127.0.0.1	内网IP	admin	98 []	2026-02-25 21:48:14.027432	/api/system/user/98/roles
131	2026-02-25 21:48:15.47508	2026-02-25 21:48:15.47508	2	30	\N	\N	{"timestamp":"2026-02-25 21:48:15","error":{"detail":null,"message":null,"code":null,"field":null,"stackTrace":null},"code":"20000","message":"分配成功","path":null,"data":null,"status":200,"traceId":null}	com.terra.ems.admin.controller.SysUserController.updateRoles()	\N	\N	\N	\N	\N	\N	1	POST	0	用户管理	127.0.0.1	内网IP	admin	98 []	2026-02-25 21:48:15.460301	/api/system/user/98/roles
132	2026-02-25 21:48:25.665	2026-02-25 21:48:25.665	2	39	\N	\N	{"timestamp":"2026-02-25 21:48:25","error":{"detail":null,"message":null,"code":null,"field":null,"stackTrace":null},"code":"20000","message":"分配成功","path":null,"data":null,"status":200,"traceId":null}	com.terra.ems.admin.controller.SysUserController.updateRoles()	\N	\N	\N	\N	\N	\N	1	POST	0	用户管理	127.0.0.1	内网IP	admin	98 [1]	2026-02-25 21:48:25.652032	/api/system/user/98/roles
133	2026-02-25 21:52:08.567401	2026-02-25 21:52:08.567401	2	17	\N	\N	{"timestamp":"2026-02-25 21:52:08","error":{"detail":null,"message":null,"code":null,"field":null,"stackTrace":null},"code":"20000","message":"分配成功","path":null,"data":null,"status":200,"traceId":null}	com.terra.ems.admin.controller.SysUserController.updateRoles()	\N	\N	\N	\N	\N	\N	1	POST	0	用户管理	127.0.0.1	内网IP	admin	98 []	2026-02-25 21:52:08.552665	/api/system/user/98/roles
134	2026-02-25 21:52:19.708411	2026-02-25 21:52:19.708411	2	48	\N	\N	{"timestamp":"2026-02-25 21:52:19","error":{"detail":null,"message":null,"code":null,"field":null,"stackTrace":null},"code":"20000","message":"分配成功","path":null,"data":null,"status":200,"traceId":null}	com.terra.ems.admin.controller.SysUserController.updateRoles()	\N	\N	\N	\N	\N	\N	1	POST	0	用户管理	127.0.0.1	内网IP	admin	95 [1]	2026-02-25 21:52:19.695853	/api/system/user/95/roles
135	2026-02-25 21:52:54.944049	2026-02-25 21:52:54.944049	2	48	\N	\N	{"timestamp":"2026-02-25 21:52:54","error":{"detail":null,"message":null,"code":null,"field":null,"stackTrace":null},"code":"20000","message":"分配成功","path":null,"data":null,"status":200,"traceId":null}	com.terra.ems.admin.controller.SysUserController.updateRoles()	\N	\N	\N	\N	\N	\N	1	POST	0	用户管理	127.0.0.1	内网IP	admin	93 [1]	2026-02-25 21:52:54.926993	/api/system/user/93/roles
\.


--
-- Data for Name: sys_permission; Type: TABLE DATA; Schema: public; Owner: postgres
--

COPY public.sys_permission (id, created_at, updated_at, code, description, name, super_permission, module_id) FROM stdin;
436	2026-02-21 22:15:23.346915	2026-02-22 15:02:17.341362	system:role:edit	\N	移除角色成员	t	32
441	2026-02-21 22:15:23.352864	2026-02-22 20:36:21.267689	system:user:remove	\N	批量删除用户	f	33
445	2026-02-21 22:15:23.357741	2026-02-22 20:36:21.268889	system:user:resetPwd	\N	重置用户密码	f	33
446	2026-02-21 22:15:23.359885	2026-02-22 20:36:21.268953	system:user:import	\N	导入用户数据	f	33
498	2026-02-23 18:36:44.0985	2026-02-23 18:36:44.0985	ems:alarm-limit-type:query	\N	按ID查询	f	37
507	2026-03-21 21:55:11.664167	2026-03-21 21:55:11.664167	ems:data-source:remove	\N	批量删除数据源	f	56
508	2026-03-21 21:55:11.672804	2026-03-21 21:55:11.672804	ems:data-source:list	\N	查询所有数据源	f	56
509	2026-03-21 21:55:11.673894	2026-03-21 21:55:11.673894	ems:data-source:query	\N	按ID查询	f	56
510	2026-03-21 21:55:11.674893	2026-03-21 21:55:11.674893	ems:equipment:remove	\N	批量删除用能设备	f	57
511	2026-03-21 21:55:11.675688	2026-03-21 21:55:11.675688	ems:equipment:list	\N	分页查询	f	57
512	2026-03-21 21:55:11.677713	2026-03-21 21:55:11.677713	ems:equipment:query	\N	按ID查询	f	57
513	2026-03-21 21:55:11.679483	2026-03-21 21:55:11.679483	ems:gateway:remove	\N	批量删除网关	f	58
514	2026-03-21 21:55:11.680328	2026-03-21 21:55:11.680328	ems:gateway:list	\N	分页查询	f	58
515	2026-03-21 21:55:11.68092	2026-03-21 21:55:11.68092	ems:gateway:query	\N	按ID查询	f	58
472	2026-02-21 22:15:23.386921	2026-03-23 23:16:15.070303	ems:meter-point:edit	\N	修改采集点位状态	f	47
403	2026-02-21 22:15:23.280408	2026-02-21 22:35:43.766692	system:config:edit	\N	修改参数	f	25
431	2026-02-21 22:15:23.34192	2026-02-21 22:35:59.876603	system:post:edit	\N	修改岗位	f	54
432	2026-02-21 22:15:23.342953	2026-02-21 22:35:59.877533	system:post:remove	\N	批量删除岗位	f	54
433	2026-02-21 22:15:23.34392	2026-02-21 22:35:59.877591	system:post:export	\N	导出岗位数据	f	54
434	2026-02-21 22:15:23.344858	2026-02-21 22:35:59.87764	system:post:list	\N	查询岗位列表	f	54
435	2026-02-21 22:15:23.345955	2026-02-21 22:35:59.877693	system:post:query	\N	查询岗位详情	f	54
406	2026-02-21 22:15:23.285417	2026-03-24 09:39:58.441546	system:config:query	\N	查询参数值	f	25
401	2026-02-21 22:15:23.252631	2026-02-21 22:35:43.764882	monitor:cache:list	\N	获取缓存指定键值	f	24
402	2026-02-21 22:15:23.277666	2026-02-21 22:35:43.766637	monitor:cache:remove	\N	清空所有缓存	f	24
405	2026-02-21 22:15:23.283052	2026-02-21 22:35:43.766771	system:config:list	\N	查询参数列表	f	25
408	2026-02-21 22:15:23.290346	2026-02-21 22:35:43.766877	system:dept:remove	\N	批量删除部门	f	26
410	2026-02-21 22:15:23.298665	2026-02-21 22:35:43.76695	system:dept:query	\N	查询部门详情	f	26
411	2026-02-21 22:15:23.302749	2026-02-21 22:35:43.766979	system:log:remove	\N	批量删除	f	27
412	2026-02-21 22:15:23.306164	2026-02-21 22:35:43.767007	system:log:list	\N	分页查询	f	27
413	2026-02-21 22:15:23.309448	2026-02-21 22:35:43.767037	system:log:query	\N	详情	f	27
414	2026-02-21 22:15:23.312984	2026-02-21 22:35:43.767074	system:menu:edit	\N	修改菜单	f	28
416	2026-02-21 22:15:23.317448	2026-02-21 22:35:43.767138	system:menu:list	\N	查询菜单树	f	28
417	2026-02-21 22:15:23.320433	2026-02-21 22:35:43.767166	system:menu:query	\N	查询菜单详情	f	28
418	2026-02-21 22:15:23.323942	2026-02-21 22:35:43.76731	system:module:edit	\N	修改模块	f	29
419	2026-02-21 22:15:23.325182	2026-02-21 22:35:43.767356	system:module:remove	\N	批量删除模块	f	29
420	2026-02-21 22:15:23.326434	2026-02-21 22:35:43.767387	system:module:list	\N	查询模块列表	f	29
421	2026-02-21 22:15:23.327713	2026-02-21 22:35:43.767419	system:module:query	\N	查询模块详情	f	29
422	2026-02-21 22:15:23.329264	2026-02-21 22:35:43.767446	system:notice:edit	\N	修改公告	f	30
423	2026-02-21 22:15:23.331359	2026-02-21 22:35:43.767474	system:notice:remove	\N	批量删除公告	f	30
425	2026-02-21 22:15:23.33491	2026-02-21 22:35:43.767529	system:notice:query	\N	查询公告详情	f	30
426	2026-02-21 22:15:23.336353	2026-02-21 22:35:43.767555	system:permission:edit	\N	修改权限	f	31
429	2026-02-21 22:15:23.339829	2026-02-21 22:35:43.767634	system:permission:list	\N	查询权限列表	f	31
430	2026-02-21 22:15:23.340844	2026-02-21 22:35:43.767662	system:permission:query	\N	查询权限详情	f	31
438	2026-02-21 22:15:23.349311	2026-02-21 22:35:43.76774	system:role:list	\N	查询角色列表	f	32
439	2026-02-21 22:15:23.350606	2026-02-21 22:35:43.767767	system:role:query	\N	查询角色详情	f	32
442	2026-02-21 22:15:23.353927	2026-02-21 22:35:43.767864	system:user:add	\N	新增用户(带关联)	f	33
443	2026-02-21 22:15:23.355202	2026-02-21 22:35:43.767891	system:user:export	\N	导出导入模板	f	33
444	2026-02-21 22:15:23.356707	2026-02-21 22:35:43.767923	system:user:list	\N	查询用户列表	f	33
447	2026-02-21 22:15:23.360963	2026-02-21 22:35:43.768005	system:user:query	\N	查询用户详情	f	33
448	2026-02-21 22:15:23.362163	2026-02-21 22:35:43.768041	monitor:logininfor:remove	\N	批量删除登录日志	f	34
449	2026-02-21 22:15:23.363531	2026-02-21 22:35:43.768067	monitor:logininfor:list	\N	查询登录日志列表	f	34
450	2026-02-21 22:15:23.364884	2026-02-21 22:35:43.768092	monitor:logininfor:query	\N	查询登录日志详情	f	34
451	2026-02-21 22:15:23.366121	2026-02-21 22:35:43.768117	monitor:operlog:remove	\N	批量删除操作日志	f	35
452	2026-02-21 22:15:23.367194	2026-02-21 22:35:43.768143	monitor:operlog:list	\N	查询操作日志列表	f	35
453	2026-02-21 22:15:23.369268	2026-02-21 22:35:43.768177	monitor:operlog:query	\N	查询操作日志详情	f	35
454	2026-02-21 22:15:23.370293	2026-02-21 22:35:43.768202	ems:alarm-config:remove	\N	批量删除数据	f	36
455	2026-02-21 22:15:23.371307	2026-02-21 22:35:43.768231	ems:alarm-limit-type:remove	\N	批量删除数据	f	37
456	2026-02-21 22:15:23.372246	2026-02-21 22:35:43.768259	ems:alarm-record:handle	\N	处理报警记录	f	38
457	2026-02-21 22:15:23.374271	2026-02-21 22:35:43.768284	ems:benchmark:remove	\N	批量删除数据	f	39
458	2026-02-21 22:15:23.375307	2026-02-21 22:35:43.768309	ems:cost-policy-binding:remove	\N	批量删除数据	f	40
459	2026-02-21 22:15:23.376142	2026-02-21 22:35:43.768565	ems:energy-cost-record:edit	\N	更新成本记录	f	41
460	2026-02-21 22:15:23.376895	2026-02-21 22:35:43.768612	ems:energy-cost-record:remove	\N	批量删除数据	f	41
461	2026-02-21 22:15:23.377692	2026-02-21 22:35:43.768659	ems:energy-saving-project:remove	\N	批量删除数据	f	42
462	2026-02-21 22:15:23.378488	2026-02-21 22:35:43.768693	ems:energy-saving-project:edit	\N	更新项目状态	f	42
463	2026-02-21 22:15:23.379254	2026-02-21 22:35:43.768722	ems:energy-type:remove	\N	批量删除数据	f	43
464	2026-02-21 22:15:23.380222	2026-02-21 22:35:43.768749	ems:energy-type:edit	\N	修改能源类型状态	f	43
465	2026-02-21 22:15:23.381298	2026-02-21 22:35:43.768783	ems:energy-unit:remove	\N	批量删除数据	f	44
466	2026-02-21 22:15:23.382566	2026-02-21 22:35:43.768809	ems:energy-unit:edit	\N	修改用能单元状态	f	44
467	2026-02-21 22:15:23.38346	2026-02-21 22:35:43.768836	ems:knowledge:edit	\N	更新文章状态	f	45
468	2026-02-21 22:15:23.384144	2026-02-21 22:35:43.768861	ems:knowledge:remove	\N	删除文章	f	45
469	2026-02-21 22:15:23.384862	2026-02-21 22:35:43.768889	ems:meter:edit	\N	更新计量器具	f	46
470	2026-02-21 22:15:23.385551	2026-02-21 22:35:43.768916	ems:meter:remove	\N	批量删除数据	f	46
471	2026-02-21 22:15:23.386241	2026-02-21 22:35:43.76894	ems:meter-point:remove	\N	批量删除数据	f	47
473	2026-02-21 22:15:23.387591	2026-02-21 22:35:43.768989	ems:policy:edit	\N	更新政策状态	f	48
474	2026-02-21 22:15:23.388266	2026-02-21 22:35:43.769012	ems:price-policy:edit	\N	修改电价策略状态	f	49
475	2026-02-21 22:15:23.389073	2026-02-21 22:35:43.769035	ems:product:edit	\N	修改状态	f	50
476	2026-02-21 22:15:23.390094	2026-02-21 22:35:43.769059	ems:production-record:edit	\N	更新产量记录	f	51
477	2026-02-21 22:15:23.391351	2026-02-21 22:35:43.769089	ems:production-record:remove	\N	删除产量记录	f	51
478	2026-02-21 22:15:23.392227	2026-02-21 22:35:43.769114	ems:time-period-price:edit	\N	修改状态	f	52
499	2026-02-23 18:50:12.639276	2026-02-23 18:50:12.639276	ems:benchmark:query	\N	按ID查询	f	39
500	2026-02-23 18:50:12.653689	2026-02-23 18:50:12.653689	ems:policy:query	\N	按ID查询	f	48
501	2026-02-23 18:50:12.655148	2026-02-23 18:50:12.655148	ems:energy-unit:query	\N	按ID查询	f	44
427	2026-02-21 22:15:23.337523	2026-02-22 15:02:17.340891	system:permission:remove	\N	批量删除权限	t	31
428	2026-02-21 22:15:23.338702	2026-02-22 15:02:17.340923	system:permission:sync	\N	全量同步权限	t	31
437	2026-02-21 22:15:23.347859	2026-02-22 15:02:17.340966	system:role:remove	\N	批量删除角色	t	32
481	2026-02-22 20:36:21.220555	2026-02-22 20:36:21.220555	system:user:assignRole	\N	分配用户角色	f	33
404	2026-02-21 22:15:23.281716	2026-02-22 20:36:21.26925	system:config:remove	\N	批量删除参数	f	25
440	2026-02-21 22:15:23.35184	2026-02-22 20:36:21.269288	system:user:edit	\N	修改用户	f	33
415	2026-02-21 22:15:23.315351	2026-02-22 20:36:21.269315	system:menu:remove	\N	批量删除菜单	f	28
409	2026-02-21 22:15:23.291841	2026-03-24 00:10:32.912832	system:dept:list	\N	查询部门树	f	26
502	2026-02-23 18:50:12.656234	2026-02-23 18:50:12.656234	ems:price-policy:query	\N	按ID查询	f	49
503	2026-02-23 18:50:12.657319	2026-02-23 18:50:12.657319	ems:energy-type:query	\N	按ID查询	f	43
504	2026-02-23 18:50:12.658938	2026-02-23 18:50:12.658938	ems:meter:query	\N	按ID查询	f	46
505	2026-02-23 18:50:12.661219	2026-02-23 18:50:12.661219	ems:meter-point:query	\N	按ID查询	f	47
506	2026-02-23 18:50:12.662612	2026-02-23 18:50:12.662612	ems:alarm-config:query	\N	按ID查询	f	36
424	2026-02-21 22:15:23.333072	2026-02-23 19:20:50.626429	system:notice:list	\N	查询所有数据	f	30
479	2026-02-21 22:15:23.393109	2026-02-21 22:35:43.769164	ems:time-period-price:remove	\N	删除分时电价配置	f	52
480	2026-02-21 22:15:23.394038	2026-02-21 22:35:43.769585	system:dict:remove	\N	批量删除	f	53
482	2026-02-23 17:12:31.478116	2026-02-23 17:12:31.478116	ems:production-record:list	\N	分页查询	f	51
483	2026-02-23 17:12:31.488312	2026-02-23 17:12:31.488312	ems:product:list	\N	分页查询产品	f	50
484	2026-02-23 17:12:31.489892	2026-02-23 17:12:31.489892	ems:benchmark:list	\N	分页查询	f	39
485	2026-02-23 17:12:31.49065	2026-02-23 17:12:31.49065	ems:cost-policy-binding:list	\N	分页查询	f	40
486	2026-02-23 17:12:31.491335	2026-02-23 17:12:31.491335	ems:alarm-record:list	\N	分页查询报警记录	f	38
487	2026-02-23 17:12:31.493039	2026-02-23 17:12:31.493039	ems:alarm-limit-type:list	\N	分页查询	f	37
488	2026-02-23 17:12:31.493918	2026-02-23 17:12:31.493918	ems:policy:list	\N	分页查询政策	f	48
489	2026-02-23 17:12:31.494878	2026-02-23 17:12:31.494878	ems:energy-unit:list	\N	获取完整树形结构	f	44
490	2026-02-23 17:12:31.495772	2026-02-23 17:12:31.495772	ems:price-policy:list	\N	分页查询	f	49
491	2026-02-23 17:12:31.496583	2026-02-23 17:12:31.496583	ems:knowledge:list	\N	分页查询	f	45
492	2026-02-23 17:12:31.497851	2026-02-23 17:12:31.497851	ems:energy-cost-record:list	\N	分页查询	f	41
493	2026-02-23 17:12:31.498999	2026-02-23 17:12:31.498999	ems:energy-type:list	\N	分页查询	f	43
494	2026-02-23 17:12:31.500127	2026-02-23 17:12:31.500127	ems:energy-saving:list	\N	分页查询节能项目	f	55
495	2026-02-23 17:12:31.501042	2026-02-23 17:12:31.501042	ems:meter:list	\N	分页查询	f	46
496	2026-02-23 17:12:31.501907	2026-02-23 17:12:31.501907	ems:meter-point:list	\N	分页查询	f	47
497	2026-02-23 17:12:31.502666	2026-02-23 17:12:31.502666	ems:alarm-config:list	\N	根据采集点位查询配置	f	36
407	2026-02-21 22:15:23.287757	2026-02-26 08:30:01.871935	system:dept:edit	\N	批量移除部门成员	f	26
\.


--
-- Data for Name: sys_post; Type: TABLE DATA; Schema: public; Owner: postgres
--

COPY public.sys_post (id, created_at, updated_at, code, name, remark, sort_order, status) FROM stdin;
1	2026-02-10 03:52:43.217879	2026-02-10 03:52:43.217879	CEO	董事长	公司最高负责人	1	0
2	2026-02-10 03:52:43.217879	2026-02-10 03:52:43.217879	GM	总经理	公司日常运营负责人	2	0
3	2026-02-10 03:52:43.217879	2026-02-10 03:52:43.217879	DGM	副总经理	协助总经理工作	3	0
4	2026-02-10 03:52:43.217879	2026-02-10 03:52:43.217879	HR_M	人事经理	人力资源部负责人	4	0
5	2026-02-10 03:52:43.217879	2026-02-10 03:52:43.217879	HR	人事专员	负责招聘、考勤等	5	0
6	2026-02-10 03:52:43.217879	2026-02-10 03:52:43.217879	FIN_M	财务经理	财务部负责人	6	0
7	2026-02-10 03:52:43.217879	2026-02-10 03:52:43.217879	ACC	会计	负责账务处理	7	0
8	2026-02-10 03:52:43.217879	2026-02-10 03:52:43.217879	CASH	出纳	负责现金收支	8	0
9	2026-02-10 03:52:43.217879	2026-02-10 03:52:43.217879	TECH_D	技术总监	负责公司技术战略	9	0
10	2026-02-10 03:52:43.217879	2026-02-10 03:52:43.217879	DEV_M	研发经理	研发团队负责人	10	0
11	2026-02-10 03:52:43.217879	2026-02-10 03:52:43.217879	DEV	研发工程师	负责系统开发	11	0
12	2026-02-10 03:52:43.217879	2026-02-10 03:52:43.217879	TEST_M	测试经理	测试团队负责人	12	0
13	2026-02-10 03:52:43.217879	2026-02-10 03:52:43.217879	TEST	测试工程师	负责系统测试	13	0
14	2026-02-10 03:52:43.217879	2026-02-10 03:52:43.217879	OPS_M	运维经理	运维团队负责人	14	0
15	2026-02-10 03:52:43.217879	2026-02-19 09:53:20.9041	OPS	运维工程师	负责系统运维	22	1
\.


--
-- Data for Name: sys_role; Type: TABLE DATA; Schema: public; Owner: postgres
--

COPY public.sys_role (id, created_at, updated_at, code, member_count, name, permission_count, remark, data_scope, status) FROM stdin;
1	2026-02-22 07:28:30.743421	2026-02-22 14:43:07.989641	role:sysem:manager	0	系统管理员	0	\N	SELF	0
\.


--
-- Data for Name: sys_role_dept; Type: TABLE DATA; Schema: public; Owner: postgres
--

COPY public.sys_role_dept (role_id, dept_id) FROM stdin;
\.


--
-- Data for Name: sys_role_permission; Type: TABLE DATA; Schema: public; Owner: postgres
--

COPY public.sys_role_permission (role_id, permission_id) FROM stdin;
1	431
1	432
1	435
1	433
1	434
1	450
1	452
1	427
1	403
1	429
1	426
1	422
1	421
1	458
1	423
1	411
1	453
1	462
1	415
1	461
1	480
1	475
1	404
1	464
1	471
1	436
1	449
1	443
1	467
1	414
1	418
1	410
1	437
1	469
1	445
1	465
1	428
1	470
1	456
1	416
1	463
1	419
1	402
1	472
1	444
1	409
1	448
1	446
1	430
1	460
1	457
1	454
1	474
1	417
1	424
1	440
1	425
1	466
1	405
1	408
1	459
1	473
1	420
1	439
1	401
1	441
1	468
1	455
1	438
1	447
1	442
1	413
1	412
1	406
1	407
1	451
\.


--
-- Data for Name: sys_user; Type: TABLE DATA; Schema: public; Owner: postgres
--

COPY public.sys_user (id, created_at, updated_at, email, nickname, password, phone, status, username, account_expire_at, credentials_expire_at, fail_login_count, last_login_at, avatar, dept_id, employee_no, gender, remark, real_name, super_admin) FROM stdin;
1	2025-12-20 09:19:46.014369	2026-04-11 10:10:04.666996	snowmandxp@qq.com	系统管理员	$2a$10$mYkIwrDLxj04AjOZzv2Nv.TWbT/roKNJ4pHOadd.sUiS3cwq6eNjC	18922482046	0	admin	\N	\N	0	2026-04-11 10:10:04.595902	https://api.dicebear.com/7.x/notionists/svg?seed=1&backgroundColor=b6e3f4,c0aede,d1d4f9,ffd5dc,ffdfbf	\N	\N	0	\N	邓雪平	t
99	2026-02-17 21:42:48.195474	2026-02-19 20:39:15.727913	wum@terra.com	\N	$2a$10$A4EvMQGs2OGbvFd4a/p2guCO4YWRxEgIXqs.vAC8y4P6CfjytwChK	13155667788	0	wu.meng	\N	\N	0	\N	\N	202	\N	1	软件测试员	吴梦	\N
96	2026-02-17 21:42:47.903052	2026-02-19 20:39:23.741414	zhaox@terra.com	\N	$2a$10$LopqyBNVfFEyVqFLI2Vs9.y19Vkzkqz/H9BcGOar1y7YPWL07Rjmi	15022334455	0	zhao.xu	\N	\N	0	\N	\N	205	\N	0	大客户总监	赵旭	\N
97	2026-02-17 21:42:48.002475	2026-02-23 19:34:02.903015	liuq@terra.com	\N	$2a$10$ZdHPoSpMYd57.XD42Jemo.02g4OzAK9th.2tzO6HZ1rbGnJdOnxju	15833445566	0	liu.qian	\N	\N	0	\N	\N	103	\N	1	办公室主任	刘倩	t
98	2026-02-17 21:42:48.102911	2026-02-25 21:52:08.542935	zhouk@terra.com	\N	$2a$10$d6PYQD/nyzWLs2x1/BpGLeeEL44H4uc2/5stblFxlcRGYF6MwO8jG	18644556677	0	zhou.kai	\N	\N	0	\N	\N	\N	\N	0	前端小组长	周凯	\N
95	2026-02-17 21:42:47.808667	2026-02-25 21:52:19.688435	zhangl@terra.com	\N	$2a$10$IiGDOaJPVsg2MBZO5g5RW.FWCTu4Wyg3ETSTmyywPYqIPfpy6stA.	13588990011	0	zhang.lin	\N	\N	0	\N	\N	\N	\N	1	招聘专员	张琳	\N
93	2026-02-17 21:42:47.597778	2026-02-25 21:52:54.918014	lih@terra.com	\N	$2a$10$vLSLeo9lPuJRJMg3XkTF3eA3Gv40Xxd4Proaz7ta9/avuq7YBkpoS	13800138001	1	li.hang	\N	\N	0	2026-02-17 21:59:02.431245	\N	\N	\N	0	高级后端开发	李航	\N
\.


--
-- Data for Name: sys_user_notice; Type: TABLE DATA; Schema: public; Owner: postgres
--

COPY public.sys_user_notice (id, created_at, updated_at, notice_id, read_time, user_id) FROM stdin;
1	2026-02-11 17:34:29.831007	2026-02-11 17:34:29.831007	7	2026-02-11 17:34:29.82863	1
2	2026-02-19 20:22:23.246771	2026-02-19 20:22:23.246771	8	2026-02-19 20:22:23.243125	1
\.


--
-- Data for Name: sys_user_permission; Type: TABLE DATA; Schema: public; Owner: postgres
--

COPY public.sys_user_permission (user_id, permission_id) FROM stdin;
\.


--
-- Data for Name: sys_user_post; Type: TABLE DATA; Schema: public; Owner: postgres
--

COPY public.sys_user_post (user_id, post_id) FROM stdin;
1	1
93	13
93	15
\.


--
-- Data for Name: sys_user_role; Type: TABLE DATA; Schema: public; Owner: postgres
--

COPY public.sys_user_role (user_id, role_id) FROM stdin;
99	1
95	1
93	1
\.


--
-- Name: ems_alarm_config_id_seq; Type: SEQUENCE SET; Schema: public; Owner: postgres
--

SELECT pg_catalog.setval('public.ems_alarm_config_id_seq', 30, true);


--
-- Name: ems_alarm_limit_type_id_seq; Type: SEQUENCE SET; Schema: public; Owner: postgres
--

SELECT pg_catalog.setval('public.ems_alarm_limit_type_id_seq', 25, true);


--
-- Name: ems_alarm_record_id_seq; Type: SEQUENCE SET; Schema: public; Owner: postgres
--

SELECT pg_catalog.setval('public.ems_alarm_record_id_seq', 7, true);


--
-- Name: ems_benchmark_id_seq; Type: SEQUENCE SET; Schema: public; Owner: postgres
--

SELECT pg_catalog.setval('public.ems_benchmark_id_seq', 12, true);


--
-- Name: ems_cost_policy_binding_id_seq; Type: SEQUENCE SET; Schema: public; Owner: postgres
--

SELECT pg_catalog.setval('public.ems_cost_policy_binding_id_seq', 5, true);


--
-- Name: ems_data_source_id_seq; Type: SEQUENCE SET; Schema: public; Owner: postgres
--

SELECT pg_catalog.setval('public.ems_data_source_id_seq', 33, true);


--
-- Name: ems_energy_cost_record_id_seq; Type: SEQUENCE SET; Schema: public; Owner: postgres
--

SELECT pg_catalog.setval('public.ems_energy_cost_record_id_seq', 2, true);


--
-- Name: ems_energy_data_id_seq; Type: SEQUENCE SET; Schema: public; Owner: postgres
--

SELECT pg_catalog.setval('public.ems_energy_data_id_seq', 1280, true);


--
-- Name: ems_energy_saving_project_id_seq; Type: SEQUENCE SET; Schema: public; Owner: postgres
--

SELECT pg_catalog.setval('public.ems_energy_saving_project_id_seq', 8, true);


--
-- Name: ems_energy_type_id_seq; Type: SEQUENCE SET; Schema: public; Owner: postgres
--

SELECT pg_catalog.setval('public.ems_energy_type_id_seq', 46, true);


--
-- Name: ems_energy_unit_id_seq; Type: SEQUENCE SET; Schema: public; Owner: postgres
--

SELECT pg_catalog.setval('public.ems_energy_unit_id_seq', 139, true);


--
-- Name: ems_equipment_id_seq; Type: SEQUENCE SET; Schema: public; Owner: postgres
--

SELECT pg_catalog.setval('public.ems_equipment_id_seq', 45, true);


--
-- Name: ems_gateway_id_seq; Type: SEQUENCE SET; Schema: public; Owner: postgres
--

SELECT pg_catalog.setval('public.ems_gateway_id_seq', 27, true);


--
-- Name: ems_knowledge_article_id_seq; Type: SEQUENCE SET; Schema: public; Owner: postgres
--

SELECT pg_catalog.setval('public.ems_knowledge_article_id_seq', 20, true);


--
-- Name: ems_meter_id_seq; Type: SEQUENCE SET; Schema: public; Owner: postgres
--

SELECT pg_catalog.setval('public.ems_meter_id_seq', 118, true);


--
-- Name: ems_meter_point_id_seq; Type: SEQUENCE SET; Schema: public; Owner: postgres
--

SELECT pg_catalog.setval('public.ems_meter_point_id_seq', 229, true);


--
-- Name: ems_peak_valley_data_id_seq; Type: SEQUENCE SET; Schema: public; Owner: postgres
--

SELECT pg_catalog.setval('public.ems_peak_valley_data_id_seq', 64, true);


--
-- Name: ems_policy_id_seq; Type: SEQUENCE SET; Schema: public; Owner: postgres
--

SELECT pg_catalog.setval('public.ems_policy_id_seq', 7, true);


--
-- Name: ems_price_policy_id_seq; Type: SEQUENCE SET; Schema: public; Owner: postgres
--

SELECT pg_catalog.setval('public.ems_price_policy_id_seq', 6, true);


--
-- Name: ems_price_policy_item_id_seq; Type: SEQUENCE SET; Schema: public; Owner: postgres
--

SELECT pg_catalog.setval('public.ems_price_policy_item_id_seq', 36, true);


--
-- Name: ems_product_id_seq; Type: SEQUENCE SET; Schema: public; Owner: postgres
--

SELECT pg_catalog.setval('public.ems_product_id_seq', 20, true);


--
-- Name: ems_production_record_id_seq; Type: SEQUENCE SET; Schema: public; Owner: postgres
--

SELECT pg_catalog.setval('public.ems_production_record_id_seq', 24, true);


--
-- Name: ems_time_period_price_id_seq; Type: SEQUENCE SET; Schema: public; Owner: postgres
--

SELECT pg_catalog.setval('public.ems_time_period_price_id_seq', 1, false);


--
-- Name: sys_config_id_seq; Type: SEQUENCE SET; Schema: public; Owner: postgres
--

SELECT pg_catalog.setval('public.sys_config_id_seq', 1, false);


--
-- Name: sys_dept_id_seq; Type: SEQUENCE SET; Schema: public; Owner: postgres
--

SELECT pg_catalog.setval('public.sys_dept_id_seq', 205, true);


--
-- Name: sys_dict_data_id_seq; Type: SEQUENCE SET; Schema: public; Owner: postgres
--

SELECT pg_catalog.setval('public.sys_dict_data_id_seq', 27940, true);


--
-- Name: sys_dict_type_id_seq; Type: SEQUENCE SET; Schema: public; Owner: postgres
--

SELECT pg_catalog.setval('public.sys_dict_type_id_seq', 18, true);


--
-- Name: sys_log_id_seq; Type: SEQUENCE SET; Schema: public; Owner: postgres
--

SELECT pg_catalog.setval('public.sys_log_id_seq', 1, false);


--
-- Name: sys_login_log_id_seq; Type: SEQUENCE SET; Schema: public; Owner: postgres
--

SELECT pg_catalog.setval('public.sys_login_log_id_seq', 158, true);


--
-- Name: sys_menu_id_seq; Type: SEQUENCE SET; Schema: public; Owner: postgres
--

SELECT pg_catalog.setval('public.sys_menu_id_seq', 1, false);


--
-- Name: sys_module_id_seq; Type: SEQUENCE SET; Schema: public; Owner: postgres
--

SELECT pg_catalog.setval('public.sys_module_id_seq', 58, true);


--
-- Name: sys_notice_id_seq; Type: SEQUENCE SET; Schema: public; Owner: postgres
--

SELECT pg_catalog.setval('public.sys_notice_id_seq', 8, true);


--
-- Name: sys_operation_log_id_seq; Type: SEQUENCE SET; Schema: public; Owner: postgres
--

SELECT pg_catalog.setval('public.sys_operation_log_id_seq', 135, true);


--
-- Name: sys_permission_id_seq; Type: SEQUENCE SET; Schema: public; Owner: postgres
--

SELECT pg_catalog.setval('public.sys_permission_id_seq', 515, true);


--
-- Name: sys_post_id_seq; Type: SEQUENCE SET; Schema: public; Owner: postgres
--

SELECT pg_catalog.setval('public.sys_post_id_seq', 21, true);


--
-- Name: sys_role_id_seq; Type: SEQUENCE SET; Schema: public; Owner: postgres
--

SELECT pg_catalog.setval('public.sys_role_id_seq', 1, true);


--
-- Name: sys_user_id_seq; Type: SEQUENCE SET; Schema: public; Owner: postgres
--

SELECT pg_catalog.setval('public.sys_user_id_seq', 99, true);


--
-- Name: sys_user_notice_id_seq; Type: SEQUENCE SET; Schema: public; Owner: postgres
--

SELECT pg_catalog.setval('public.sys_user_notice_id_seq', 2, true);


--
-- Data for Name: 32793..32839; Type: BLOBS; Schema: -; Owner: postgres
--

BEGIN;

SELECT pg_catalog.lo_open('32793', 131072);
SELECT pg_catalog.lowrite(0, '\xe585ace58fb8e585a8e4bd93e59198e5b7a5efbc9a0a0ae580bce6ada4e696b0e698a5e4bdb3e88a82e69da5e4b8b4e4b98be99985efbc8ce6a0b9e68daee59bbde5aeb6e6b395e5ae9ae88a82e58187e697a5e8a784e5ae9aefbc8ce5b9b6e7bb93e59088e585ace58fb8e5ae9ee99985e68385e586b5efbc8ce78eb0e5b08632303235e5b9b4e698a5e88a82e694bee58187e5ae89e68e92e9809ae79fa5e5a682e4b88befbc9a0a0ae4b880e38081e694bee58187e697b6e997b40a32303235e5b9b431e69c883238e697a5efbc88e5869ce58e86e8858ae69c88e5bbbfe4b99defbc8ce6989fe69c9fe4ba8cefbc89e887b332e69c8833e697a5efbc88e5869ce58e86e6ada3e69c88e5889de585adefbc8ce6989fe69c9fe4b880efbc89e694bee58187e8b083e4bc91efbc8ce585b137e5a4a9e380820a32303235e5b9b432e69c8834e697a5efbc88e5869ce58e86e6ada3e69c88e5889de4b883efbc8ce6989fe69c9fe4ba8cefbc89e6ada3e5bc8fe4b88ae78fade380820a0ae4ba8ce38081e8b083e78fade5ae89e68e920a32303235e5b9b431e69c883236e697a5efbc88e6989fe69c9fe697a5efbc89e3808132e69c8838e697a5efbc88e6989fe69c9fe585adefbc89e6ada3e5b8b8e4b88ae78fade380820a0ae4b889e38081e79bb8e585b3e4ba8be9a1b90a0ae5b7a5e4bd9ce5ae89e68e92efbc9ae8afb7e59084e983a8e997a8e59198e5b7a5e59ca8e694bee58187e5898de5a6a5e59684e5ae8ce68890e69cace8818ce5b7a5e4bd9cefbc8ce6a380e69fa5e58a9ee585ace8aebee5a487efbc8ce585b3e997ade794b5e6ba90e38081e997a8e7aa97efbc8ce5819ae5a5bde998b2e781abe998b2e79b97e7ad89e5ae89e585a8e6a380e69fa5e5b7a5e4bd9ce380820a0ae580bce78fade5ae89e68e92efbc9ae5a682e69c89e99c80e8a681efbc8ce79bb8e585b3e983a8e997a8e99c80e68f90e5898de5ae89e68e92e5a5bde58187e69c9fe580bce78fade4babae59198efbc8ce5b9b6e5b086e5908de58d95e68aa5e887b3e8a18ce694bfe983a82fe7bbbce59088e7aea1e79086e983a8e5a487e6a188e38082e580bce78fade4babae59198e9a1bbe59d9ae5ae88e5b297e4bd8defbc8ce4bf9de68c81e9809ae8aeafe79585e9809ae380820a0ae58187e69c9fe5ae89e585a8efbc9ae58187e69c9fe69c9fe997b4efbc8ce8afb7e5a4a7e5aeb6e6b3a8e6848fe4baa4e9809ae38081e9a5aee9a39fe58f8ae4babae8baabe8b4a2e4baa7e5ae89e585a8efbc8ce5819ae5a5bde4b8aae4babae581a5e5bab7e998b2e68aa4efbc8ce5baa6e8bf87e4b880e4b8aae5b9b3e5ae89e38081e7a5a5e5928ce38081e68489e5bfabe79a84e698a5e88a82e380820a0ae88a82e5908ee8bf94e5b297efbc9ae8afb7e585a8e4bd93e59198e5b7a5e59088e79086e5ae89e68e92e8bf94e7a88be697b6e997b4efbc8ce7a1aee4bf9de88a82e5908ee58786e697b6e8bf94e5b297e38082e5a682e98187e789b9e6ae8ae68385e586b5e99c80e68f90e5898de8afb7e58187efbc8ce8afb7e68c89e585ace58fb8e8a784e5ae9ae58a9ee79086e8afb7e58187e6898be7bbade380820a0ae6849fe8b0a2e5a4a7e5aeb6e4b880e5b9b4e69da5e79a84e8be9be58ba4e4bb98e587baefbc81e9a284e7a59de585a8e4bd93e59198e5b7a5e58f8ae5aeb6e4babaefbc9a0ae696b0e698a5e5bfabe4b990efbc8ce9be99e9a9ace7b2bee7a59eefbc8ce99896e5aeb6e5b9b8e7a68fefbc8ce4b887e4ba8be5a682e6848fefbc810a0ae789b9e6ada4e9809ae79fa5e380820a0a5be585ace58fb8e5908de7a7b05d0a5be8a18ce694bfe983a82fe4babae58a9be8b584e6ba90e983a82fe58a9ee585ace5aea45d0a32303235e5b9b431e69c885858e697a50a');
SELECT pg_catalog.lo_close(0);

SELECT pg_catalog.lo_open('32794', 131072);
SELECT pg_catalog.lowrite(0, '\xe585ace58fb8e585a8e4bd93e59198e5b7a5efbc9a0a0ae580bce6ada4e696b0e698a5e4bdb3e88a82e69da5e4b8b4e4b98be99985efbc8ce6a0b9e68daee59bbde5aeb6e6b395e5ae9ae88a82e58187e697a5e8a784e5ae9aefbc8ce5b9b6e7bb93e59088e585ace58fb8e5ae9ee99985e68385e586b5efbc8ce78eb0e5b08632303235e5b9b4e698a5e88a82e694bee58187e5ae89e68e92e9809ae79fa5e5a682e4b88befbc9a0a0ae4b880e38081e694bee58187e697b6e997b40a32303235e5b9b431e69c883238e697a5efbc88e5869ce58e86e8858ae69c88e5bbbfe4b99defbc8ce6989fe69c9fe4ba8cefbc89e887b332e69c8833e697a5efbc88e5869ce58e86e6ada3e69c88e5889de585adefbc8ce6989fe69c9fe4b880efbc89e694bee58187e8b083e4bc91efbc8ce585b137e5a4a9e380820a32303235e5b9b432e69c8834e697a5efbc88e5869ce58e86e6ada3e69c88e5889de4b883efbc8ce6989fe69c9fe4ba8cefbc89e6ada3e5bc8fe4b88ae78fade380820a0ae4ba8ce38081e8b083e78fade5ae89e68e920a32303235e5b9b431e69c883236e697a5efbc88e6989fe69c9fe697a5efbc89e3808132e69c8838e697a5efbc88e6989fe69c9fe585adefbc89e6ada3e5b8b8e4b88ae78fade380820a0ae4b889e38081e79bb8e585b3e4ba8be9a1b90a0ae5b7a5e4bd9ce5ae89e68e92efbc9ae8afb7e59084e983a8e997a8e59198e5b7a5e59ca8e694bee58187e5898de5a6a5e59684e5ae8ce68890e69cace8818ce5b7a5e4bd9cefbc8ce6a380e69fa5e58a9ee585ace8aebee5a487efbc8ce585b3e997ade794b5e6ba90e38081e997a8e7aa97efbc8ce5819ae5a5bde998b2e781abe998b2e79b97e7ad89e5ae89e585a8e6a380e69fa5e5b7a5e4bd9ce380820a0ae580bce78fade5ae89e68e92efbc9ae5a682e69c89e99c80e8a681efbc8ce79bb8e585b3e983a8e997a8e99c80e68f90e5898de5ae89e68e92e5a5bde58187e69c9fe580bce78fade4babae59198efbc8ce5b9b6e5b086e5908de58d95e68aa5e887b3e8a18ce694bfe983a82fe7bbbce59088e7aea1e79086e983a8e5a487e6a188e38082e580bce78fade4babae59198e9a1bbe59d9ae5ae88e5b297e4bd8defbc8ce4bf9de68c81e9809ae8aeafe79585e9809ae380820a0ae58187e69c9fe5ae89e585a8efbc9ae58187e69c9fe69c9fe997b4efbc8ce8afb7e5a4a7e5aeb6e6b3a8e6848fe4baa4e9809ae38081e9a5aee9a39fe58f8ae4babae8baabe8b4a2e4baa7e5ae89e585a8efbc8ce5819ae5a5bde4b8aae4babae581a5e5bab7e998b2e68aa4efbc8ce5baa6e8bf87e4b880e4b8aae5b9b3e5ae89e38081e7a5a5e5928ce38081e68489e5bfabe79a84e698a5e88a82e380820a0ae88a82e5908ee8bf94e5b297efbc9ae8afb7e585a8e4bd93e59198e5b7a5e59088e79086e5ae89e68e92e8bf94e7a88be697b6e997b4efbc8ce7a1aee4bf9de88a82e5908ee58786e697b6e8bf94e5b297e38082e5a682e98187e789b9e6ae8ae68385e586b5e99c80e68f90e5898de8afb7e58187efbc8ce8afb7e68c89e585ace58fb8e8a784e5ae9ae58a9ee79086e8afb7e58187e6898be7bbade380820a0ae6849fe8b0a2e5a4a7e5aeb6e4b880e5b9b4e69da5e79a84e8be9be58ba4e4bb98e587baefbc81e9a284e7a59de585a8e4bd93e59198e5b7a5e58f8ae5aeb6e4babaefbc9a0ae696b0e698a5e5bfabe4b990efbc8ce9be99e9a9ace7b2bee7a59eefbc8ce99896e5aeb6e5b9b8e7a68fefbc8ce4b887e4ba8be5a682e6848fefbc810a0ae789b9e6ada4e9809ae79fa5e380820a0a5be585ace58fb8e5908de7a7b05d0a5be8a18ce694bfe983a82fe4babae58a9be8b584e6ba90e983a82fe58a9ee585ace5aea45d0a32303235e5b9b431e69c885858e697a5');
SELECT pg_catalog.lo_close(0);

SELECT pg_catalog.lo_open('32795', 131072);
SELECT pg_catalog.lowrite(0, '\xe585ace58fb8e585a8e4bd93e59198e5b7a5efbc9a0a0ae580bce6ada4e696b0e698a5e4bdb3e88a82e69da5e4b8b4e4b98be99985efbc8ce6a0b9e68daee59bbde5aeb6e6b395e5ae9ae88a82e58187e697a5e8a784e5ae9aefbc8ce5b9b6e7bb93e59088e585ace58fb8e5ae9ee99985e68385e586b5efbc8ce78eb0e5b08632303235e5b9b4e698a5e88a82e694bee58187e5ae89e68e92e9809ae79fa5e5a682e4b88befbc9a0a0ae4b880e38081e694bee58187e697b6e997b40a32303235e5b9b431e69c883238e697a5efbc88e5869ce58e86e8858ae69c88e5bbbfe4b99defbc8ce6989fe69c9fe4ba8cefbc89e887b332e69c8833e697a5efbc88e5869ce58e86e6ada3e69c88e5889de585adefbc8ce6989fe69c9fe4b880efbc89e694bee58187e8b083e4bc91efbc8ce585b137e5a4a9e380820a32303235e5b9b432e69c8834e697a5efbc88e5869ce58e86e6ada3e69c88e5889de4b883efbc8ce6989fe69c9fe4ba8cefbc89e6ada3e5bc8fe4b88ae78fade380820a0ae4ba8ce38081e8b083e78fade5ae89e68e920a32303235e5b9b431e69c883236e697a5efbc88e6989fe69c9fe697a5efbc89e3808132e69c8838e697a5efbc88e6989fe69c9fe585adefbc89e6ada3e5b8b8e4b88ae78fade380820a0ae4b889e38081e79bb8e585b3e4ba8be9a1b90a0ae5b7a5e4bd9ce5ae89e68e92efbc9ae8afb7e59084e983a8e997a8e59198e5b7a5e59ca8e694bee58187e5898de5a6a5e59684e5ae8ce68890e69cace8818ce5b7a5e4bd9cefbc8ce6a380e69fa5e58a9ee585ace8aebee5a487efbc8ce585b3e997ade794b5e6ba90e38081e997a8e7aa97efbc8ce5819ae5a5bde998b2e781abe998b2e79b97e7ad89e5ae89e585a8e6a380e69fa5e5b7a5e4bd9ce380820a0ae580bce78fade5ae89e68e92efbc9ae5a682e69c89e99c80e8a681efbc8ce79bb8e585b3e983a8e997a8e99c80e68f90e5898de5ae89e68e92e5a5bde58187e69c9fe580bce78fade4babae59198efbc8ce5b9b6e5b086e5908de58d95e68aa5e887b3e8a18ce694bfe983a82fe7bbbce59088e7aea1e79086e983a8e5a487e6a188e38082e580bce78fade4babae59198e9a1bbe59d9ae5ae88e5b297e4bd8defbc8ce4bf9de68c81e9809ae8aeafe79585e9809ae380820a0ae58187e69c9fe5ae89e585a8efbc9ae58187e69c9fe69c9fe997b4efbc8ce8afb7e5a4a7e5aeb6e6b3a8e6848fe4baa4e9809ae38081e9a5aee9a39fe58f8ae4babae8baabe8b4a2e4baa7e5ae89e585a8efbc8ce5819ae5a5bde4b8aae4babae581a5e5bab7e998b2e68aa4efbc8ce5baa6e8bf87e4b880e4b8aae5b9b3e5ae89e38081e7a5a5e5928ce38081e68489e5bfabe79a84e698a5e88a82e380820a0ae88a82e5908ee8bf94e5b297efbc9ae8afb7e585a8e4bd93e59198e5b7a5e59088e79086e5ae89e68e92e8bf94e7a88be697b6e997b4efbc8ce7a1aee4bf9de88a82e5908ee58786e697b6e8bf94e5b297e38082e5a682e98187e789b9e6ae8ae68385e586b5e99c80e68f90e5898de8afb7e58187efbc8ce8afb7e68c89e585ace58fb8e8a784e5ae9ae58a9ee79086e8afb7e58187e6898be7bbade380820a0ae6849fe8b0a2e5a4a7e5aeb6e4b880e5b9b4e69da5e79a84e8be9be58ba4e4bb98e587baefbc81e9a284e7a59de585a8e4bd93e59198e5b7a5e58f8ae5aeb6e4babaefbc9a0ae696b0e698a5e5bfabe4b990efbc8ce9be99e9a9ace7b2bee7a59eefbc8ce99896e5aeb6e5b9b8e7a68fefbc8ce4b887e4ba8be5a682e6848fefbc810a0ae789b9e6ada4e9809ae79fa5e380820a0a5be585ace58fb8e5908de7a7b05d0a5be8a18ce694bfe983a82fe4babae58a9be8b584e6ba90e983a82fe58a9ee585ace5aea45d0a32303235e5b9b431e69c885858e697a50a0a');
SELECT pg_catalog.lo_close(0);

SELECT pg_catalog.lo_open('32796', 131072);
SELECT pg_catalog.lowrite(0, '\xe585ace58fb8e585a8e4bd93e59198e5b7a5efbc9a0a0ae580bce6ada4e696b0e698a5e4bdb3e88a82e69da5e4b8b4e4b98be99985efbc8ce6a0b9e68daee59bbde5aeb6e6b395e5ae9ae88a82e58187e697a5e8a784e5ae9aefbc8ce5b9b6e7bb93e59088e585ace58fb8e5ae9ee99985e68385e586b5efbc8ce78eb0e5b08632303235e5b9b4e698a5e88a82e694bee58187e5ae89e68e92e9809ae79fa5e5a682e4b88befbc9a0a0ae4b880e38081e694bee58187e697b6e997b40a32303235e5b9b431e69c883238e697a5efbc88e5869ce58e86e8858ae69c88e5bbbfe4b99defbc8ce6989fe69c9fe4ba8cefbc89e887b332e69c8833e697a5efbc88e5869ce58e86e6ada3e69c88e5889de585adefbc8ce6989fe69c9fe4b880efbc89e694bee58187e8b083e4bc91efbc8ce585b137e5a4a9e380820a32303235e5b9b432e69c8834e697a5efbc88e5869ce58e86e6ada3e69c88e5889de4b883efbc8ce6989fe69c9fe4ba8cefbc89e6ada3e5bc8fe4b88ae78fade380820a0ae4ba8ce38081e8b083e78fade5ae89e68e920a32303235e5b9b431e69c883236e697a5efbc88e6989fe69c9fe697a5efbc89e3808132e69c8838e697a5efbc88e6989fe69c9fe585adefbc89e6ada3e5b8b8e4b88ae78fade380820a0ae4b889e38081e79bb8e585b3e4ba8be9a1b90a0ae5b7a5e4bd9ce5ae89e68e92efbc9ae8afb7e59084e983a8e997a8e59198e5b7a5e59ca8e694bee58187e5898de5a6a5e59684e5ae8ce68890e69cace8818ce5b7a5e4bd9cefbc8ce6a380e69fa5e58a9ee585ace8aebee5a487efbc8ce585b3e997ade794b5e6ba90e38081e997a8e7aa97efbc8ce5819ae5a5bde998b2e781abe998b2e79b97e7ad89e5ae89e585a8e6a380e69fa5e5b7a5e4bd9ce380820a0ae580bce78fade5ae89e68e92efbc9ae5a682e69c89e99c80e8a681efbc8ce79bb8e585b3e983a8e997a8e99c80e68f90e5898de5ae89e68e92e5a5bde58187e69c9fe580bce78fade4babae59198efbc8ce5b9b6e5b086e5908de58d95e68aa5e887b3e8a18ce694bfe983a82fe7bbbce59088e7aea1e79086e983a8e5a487e6a188e38082e580bce78fade4babae59198e9a1bbe59d9ae5ae88e5b297e4bd8defbc8ce4bf9de68c81e9809ae8aeafe79585e9809ae380820a0ae58187e69c9fe5ae89e585a8efbc9ae58187e69c9fe69c9fe997b4efbc8ce8afb7e5a4a7e5aeb6e6b3a8e6848fe4baa4e9809ae38081e9a5aee9a39fe58f8ae4babae8baabe8b4a2e4baa7e5ae89e585a8efbc8ce5819ae5a5bde4b8aae4babae581a5e5bab7e998b2e68aa4efbc8ce5baa6e8bf87e4b880e4b8aae5b9b3e5ae89e38081e7a5a5e5928ce38081e68489e5bfabe79a84e698a5e88a82e380820a0ae88a82e5908ee8bf94e5b297efbc9ae8afb7e585a8e4bd93e59198e5b7a5e59088e79086e5ae89e68e92e8bf94e7a88be697b6e997b4efbc8ce7a1aee4bf9de88a82e5908ee58786e697b6e8bf94e5b297e38082e5a682e98187e789b9e6ae8ae68385e586b5e99c80e68f90e5898de8afb7e58187efbc8ce8afb7e68c89e585ace58fb8e8a784e5ae9ae58a9ee79086e8afb7e58187e6898be7bbade380820a0ae6849fe8b0a2e5a4a7e5aeb6e4b880e5b9b4e69da5e79a84e8be9be58ba4e4bb98e587baefbc81e9a284e7a59de585a8e4bd93e59198e5b7a5e58f8ae5aeb6e4babaefbc9a0ae696b0e698a5e5bfabe4b990efbc8ce9be99e9a9ace7b2bee7a59eefbc8ce99896e5aeb6e5b9b8e7a68fefbc8ce4b887e4ba8be5a682e6848fefbc810a0ae789b9e6ada4e9809ae79fa5e380820a0a5be585ace58fb8e5908de7a7b05d0a5be8a18ce694bfe983a82fe4babae58a9be8b584e6ba90e983a82fe58a9ee585ace5aea45d0a32303235e5b9b431e69c885858e697a50a0a');
SELECT pg_catalog.lo_close(0);

SELECT pg_catalog.lo_open('32797', 131072);
SELECT pg_catalog.lowrite(0, '\xe585ace58fb8e585a8e4bd93e59198e5b7a5efbc9a0a0ae580bce6ada4e696b0e698a5e4bdb3e88a82e69da5e4b8b4e4b98be99985efbc8ce6a0b9e68daee59bbde5aeb6e6b395e5ae9ae88a82e58187e697a5e8a784e5ae9aefbc8ce5b9b6e7bb93e59088e585ace58fb8e5ae9ee99985e68385e586b5efbc8ce78eb0e5b08632303235e5b9b4e698a5e88a82e694bee58187e5ae89e68e92e9809ae79fa5e5a682e4b88befbc9a0a0ae4b880e38081e694bee58187e697b6e997b40a32303235e5b9b431e69c883238e697a5efbc88e5869ce58e86e8858ae69c88e5bbbfe4b99defbc8ce6989fe69c9fe4ba8cefbc89e887b332e69c8833e697a5efbc88e5869ce58e86e6ada3e69c88e5889de585adefbc8ce6989fe69c9fe4b880efbc89e694bee58187e8b083e4bc91efbc8ce585b137e5a4a9e380820a32303235e5b9b432e69c8834e697a5efbc88e5869ce58e86e6ada3e69c88e5889de4b883efbc8ce6989fe69c9fe4ba8cefbc89e6ada3e5bc8fe4b88ae78fade380820a0ae4ba8ce38081e8b083e78fade5ae89e68e920a32303235e5b9b431e69c883236e697a5efbc88e6989fe69c9fe697a5efbc89e3808132e69c8838e697a5efbc88e6989fe69c9fe585adefbc89e6ada3e5b8b8e4b88ae78fade380820a0ae4b889e38081e79bb8e585b3e4ba8be9a1b90a0ae5b7a5e4bd9ce5ae89e68e92efbc9ae8afb7e59084e983a8e997a8e59198e5b7a5e59ca8e694bee58187e5898de5a6a5e59684e5ae8ce68890e69cace8818ce5b7a5e4bd9cefbc8ce6a380e69fa5e58a9ee585ace8aebee5a487efbc8ce585b3e997ade794b5e6ba90e38081e997a8e7aa97efbc8ce5819ae5a5bde998b2e781abe998b2e79b97e7ad89e5ae89e585a8e6a380e69fa5e5b7a5e4bd9ce380820a0ae580bce78fade5ae89e68e92efbc9ae5a682e69c89e99c80e8a681efbc8ce79bb8e585b3e983a8e997a8e99c80e68f90e5898de5ae89e68e92e5a5bde58187e69c9fe580bce78fade4babae59198efbc8ce5b9b6e5b086e5908de58d95e68aa5e887b3e8a18ce694bfe983a82fe7bbbce59088e7aea1e79086e983a8e5a487e6a188e38082e580bce78fade4babae59198e9a1bbe59d9ae5ae88e5b297e4bd8defbc8ce4bf9de68c81e9809ae8aeafe79585e9809ae380820a0ae58187e69c9fe5ae89e585a8efbc9ae58187e69c9fe69c9fe997b4efbc8ce8afb7e5a4a7e5aeb6e6b3a8e6848fe4baa4e9809ae38081e9a5aee9a39fe58f8ae4babae8baabe8b4a2e4baa7e5ae89e585a8efbc8ce5819ae5a5bde4b8aae4babae581a5e5bab7e998b2e68aa4efbc8ce5baa6e8bf87e4b880e4b8aae5b9b3e5ae89e38081e7a5a5e5928ce38081e68489e5bfabe79a84e698a5e88a82e380820a0ae88a82e5908ee8bf94e5b297efbc9ae8afb7e585a8e4bd93e59198e5b7a5e59088e79086e5ae89e68e92e8bf94e7a88be697b6e997b4efbc8ce7a1aee4bf9de88a82e5908ee58786e697b6e8bf94e5b297e38082e5a682e98187e789b9e6ae8ae68385e586b5e99c80e68f90e5898de8afb7e58187efbc8ce8afb7e68c89e585ace58fb8e8a784e5ae9ae58a9ee79086e8afb7e58187e6898be7bbade380820a0ae6849fe8b0a2e5a4a7e5aeb6e4b880e5b9b4e69da5e79a84e8be9be58ba4e4bb98e587baefbc81e9a284e7a59de585a8e4bd93e59198e5b7a5e58f8ae5aeb6e4babaefbc9a0ae696b0e698a5e5bfabe4b990efbc8ce9be99e9a9ace7b2bee7a59eefbc8ce99896e5aeb6e5b9b8e7a68fefbc8ce4b887e4ba8be5a682e6848fefbc810a0ae789b9e6ada4e9809ae79fa5e380820a0a5be585ace58fb8e5908de7a7b05d0a5be8a18ce694bfe983a82fe4babae58a9be8b584e6ba90e983a82fe58a9ee585ace5aea45d0a32303235e5b9b431e69c885858e697a5');
SELECT pg_catalog.lo_close(0);

SELECT pg_catalog.lo_open('32798', 131072);
SELECT pg_catalog.lowrite(0, '\xe585ace58fb8e585a8e4bd93e59198e5b7a5efbc9a0a0ae580bce6ada4e696b0e698a5e4bdb3e88a82e69da5e4b8b4e4b98be99985efbc8ce6a0b9e68daee59bbde5aeb6e6b395e5ae9ae88a82e58187e697a5e8a784e5ae9aefbc8ce5b9b6e7bb93e59088e585ace58fb8e5ae9ee99985e68385e586b5efbc8ce78eb0e5b08632303235e5b9b4e698a5e88a82e694bee58187e5ae89e68e92e9809ae79fa5e5a682e4b88befbc9a0a0ae4b880e38081e694bee58187e697b6e997b40a32303235e5b9b431e69c883238e697a5efbc88e5869ce58e86e8858ae69c88e5bbbfe4b99defbc8ce6989fe69c9fe4ba8cefbc89e887b332e69c8833e697a5efbc88e5869ce58e86e6ada3e69c88e5889de585adefbc8ce6989fe69c9fe4b880efbc89e694bee58187e8b083e4bc91efbc8ce585b137e5a4a9e380820a32303235e5b9b432e69c8834e697a5efbc88e5869ce58e86e6ada3e69c88e5889de4b883efbc8ce6989fe69c9fe4ba8cefbc89e6ada3e5bc8fe4b88ae78fade380820a0ae4ba8ce38081e8b083e78fade5ae89e68e920a32303235e5b9b431e69c883236e697a5efbc88e6989fe69c9fe697a5efbc89e3808132e69c8838e697a5efbc88e6989fe69c9fe585adefbc89e6ada3e5b8b8e4b88ae78fade380820a0ae4b889e38081e79bb8e585b3e4ba8be9a1b90a0ae5b7a5e4bd9ce5ae89e68e92efbc9ae8afb7e59084e983a8e997a8e59198e5b7a5e59ca8e694bee58187e5898de5a6a5e59684e5ae8ce68890e69cace8818ce5b7a5e4bd9cefbc8ce6a380e69fa5e58a9ee585ace8aebee5a487efbc8ce585b3e997ade794b5e6ba90e38081e997a8e7aa97efbc8ce5819ae5a5bde998b2e781abe998b2e79b97e7ad89e5ae89e585a8e6a380e69fa5e5b7a5e4bd9ce380820a0ae580bce78fade5ae89e68e92efbc9ae5a682e69c89e99c80e8a681efbc8ce79bb8e585b3e983a8e997a8e99c80e68f90e5898de5ae89e68e92e5a5bde58187e69c9fe580bce78fade4babae59198efbc8ce5b9b6e5b086e5908de58d95e68aa5e887b3e8a18ce694bfe983a82fe7bbbce59088e7aea1e79086e983a8e5a487e6a188e38082e580bce78fade4babae59198e9a1bbe59d9ae5ae88e5b297e4bd8defbc8ce4bf9de68c81e9809ae8aeafe79585e9809ae380820a0ae58187e69c9fe5ae89e585a8efbc9ae58187e69c9fe69c9fe997b4efbc8ce8afb7e5a4a7e5aeb6e6b3a8e6848fe4baa4e9809ae38081e9a5aee9a39fe58f8ae4babae8baabe8b4a2e4baa7e5ae89e585a8efbc8ce5819ae5a5bde4b8aae4babae581a5e5bab7e998b2e68aa4efbc8ce5baa6e8bf87e4b880e4b8aae5b9b3e5ae89e38081e7a5a5e5928ce38081e68489e5bfabe79a84e698a5e88a82e380820a0ae88a82e5908ee8bf94e5b297efbc9ae8afb7e585a8e4bd93e59198e5b7a5e59088e79086e5ae89e68e92e8bf94e7a88be697b6e997b4efbc8ce7a1aee4bf9de88a82e5908ee58786e697b6e8bf94e5b297e38082e5a682e98187e789b9e6ae8ae68385e586b5e99c80e68f90e5898de8afb7e58187efbc8ce8afb7e68c89e585ace58fb8e8a784e5ae9ae58a9ee79086e8afb7e58187e6898be7bbade380820a0ae6849fe8b0a2e5a4a7e5aeb6e4b880e5b9b4e69da5e79a84e8be9be58ba4e4bb98e587baefbc81e9a284e7a59de585a8e4bd93e59198e5b7a5e58f8ae5aeb6e4babaefbc9a0ae696b0e698a5e5bfabe4b990efbc8ce9be99e9a9ace7b2bee7a59eefbc8ce99896e5aeb6e5b9b8e7a68fefbc8ce4b887e4ba8be5a682e6848fefbc810a0ae789b9e6ada4e9809ae79fa5e380820a0a5be585ace58fb8e5908de7a7b05d0a5be8a18ce694bfe983a82fe4babae58a9be8b584e6ba90e983a82fe58a9ee585ace5aea45d0a32303235e5b9b431e69c885858e697a5');
SELECT pg_catalog.lo_close(0);

SELECT pg_catalog.lo_open('32799', 131072);
SELECT pg_catalog.lowrite(0, '\xe585ace58fb8e585a8e4bd93e59198e5b7a5efbc9a0a0ae580bce6ada4e696b0e698a5e4bdb3e88a82e69da5e4b8b4e4b98be99985efbc8ce6a0b9e68daee59bbde5aeb6e6b395e5ae9ae88a82e58187e697a5e8a784e5ae9aefbc8ce5b9b6e7bb93e59088e585ace58fb8e5ae9ee99985e68385e586b5efbc8ce78eb0e5b08632303235e5b9b4e698a5e88a82e694bee58187e5ae89e68e92e9809ae79fa5e5a682e4b88befbc9a0a0ae4b880e38081e694bee58187e697b6e997b40a32303235e5b9b431e69c883238e697a5efbc88e5869ce58e86e8858ae69c88e5bbbfe4b99defbc8ce6989fe69c9fe4ba8cefbc89e887b332e69c8833e697a5efbc88e5869ce58e86e6ada3e69c88e5889de585adefbc8ce6989fe69c9fe4b880efbc89e694bee58187e8b083e4bc91efbc8ce585b137e5a4a9e380820a32303235e5b9b432e69c8834e697a5efbc88e5869ce58e86e6ada3e69c88e5889de4b883efbc8ce6989fe69c9fe4ba8cefbc89e6ada3e5bc8fe4b88ae78fade380820a0ae4ba8ce38081e8b083e78fade5ae89e68e920a32303235e5b9b431e69c883236e697a5efbc88e6989fe69c9fe697a5efbc89e3808132e69c8838e697a5efbc88e6989fe69c9fe585adefbc89e6ada3e5b8b8e4b88ae78fade380820a0ae4b889e38081e79bb8e585b3e4ba8be9a1b90a0ae5b7a5e4bd9ce5ae89e68e92efbc9ae8afb7e59084e983a8e997a8e59198e5b7a5e59ca8e694bee58187e5898de5a6a5e59684e5ae8ce68890e69cace8818ce5b7a5e4bd9cefbc8ce6a380e69fa5e58a9ee585ace8aebee5a487efbc8ce585b3e997ade794b5e6ba90e38081e997a8e7aa97efbc8ce5819ae5a5bde998b2e781abe998b2e79b97e7ad89e5ae89e585a8e6a380e69fa5e5b7a5e4bd9ce380820a0ae580bce78fade5ae89e68e92efbc9ae5a682e69c89e99c80e8a681efbc8ce79bb8e585b3e983a8e997a8e99c80e68f90e5898de5ae89e68e92e5a5bde58187e69c9fe580bce78fade4babae59198efbc8ce5b9b6e5b086e5908de58d95e68aa5e887b3e8a18ce694bfe983a82fe7bbbce59088e7aea1e79086e983a8e5a487e6a188e38082e580bce78fade4babae59198e9a1bbe59d9ae5ae88e5b297e4bd8defbc8ce4bf9de68c81e9809ae8aeafe79585e9809ae380820a0ae58187e69c9fe5ae89e585a8efbc9ae58187e69c9fe69c9fe997b4efbc8ce8afb7e5a4a7e5aeb6e6b3a8e6848fe4baa4e9809ae38081e9a5aee9a39fe58f8ae4babae8baabe8b4a2e4baa7e5ae89e585a8efbc8ce5819ae5a5bde4b8aae4babae581a5e5bab7e998b2e68aa4efbc8ce5baa6e8bf87e4b880e4b8aae5b9b3e5ae89e38081e7a5a5e5928ce38081e68489e5bfabe79a84e698a5e88a82e380820a0ae88a82e5908ee8bf94e5b297efbc9ae8afb7e585a8e4bd93e59198e5b7a5e59088e79086e5ae89e68e92e8bf94e7a88be697b6e997b4efbc8ce7a1aee4bf9de88a82e5908ee58786e697b6e8bf94e5b297e38082e5a682e98187e789b9e6ae8ae68385e586b5e99c80e68f90e5898de8afb7e58187efbc8ce8afb7e68c89e585ace58fb8e8a784e5ae9ae58a9ee79086e8afb7e58187e6898be7bbade380820a0ae6849fe8b0a2e5a4a7e5aeb6e4b880e5b9b4e69da5e79a84e8be9be58ba4e4bb98e587baefbc81e9a284e7a59de585a8e4bd93e59198e5b7a5e58f8ae5aeb6e4babaefbc9a0ae696b0e698a5e5bfabe4b990efbc8ce9be99e9a9ace7b2bee7a59eefbc8ce99896e5aeb6e5b9b8e7a68fefbc8ce4b887e4ba8be5a682e6848fefbc810a0ae789b9e6ada4e9809ae79fa5e380820a0a5be585ace58fb8e5908de7a7b05d0a5be8a18ce694bfe983a82fe4babae58a9be8b584e6ba90e983a82fe58a9ee585ace5aea45d0a32303235e5b9b431e69c885858e697a5');
SELECT pg_catalog.lo_close(0);

SELECT pg_catalog.lo_open('32839', 131072);
SELECT pg_catalog.lowrite(0, '\xe585ace58fb8e585a8e4bd93e59198e5b7a5efbc9a0a0ae580bce6ada4e696b0e698a5e4bdb3e88a82e69da5e4b8b4e4b98be99985efbc8ce6a0b9e68daee59bbde5aeb6e6b395e5ae9ae88a82e58187e697a5e8a784e5ae9aefbc8ce5b9b6e7bb93e59088e585ace58fb8e5ae9ee99985e68385e586b5efbc8ce78eb0e5b08632303235e5b9b4e698a5e88a82e694bee58187e5ae89e68e92e9809ae79fa5e5a682e4b88befbc9a0a0ae4b880e38081e694bee58187e697b6e997b40a32303235e5b9b431e69c883238e697a5efbc88e5869ce58e86e8858ae69c88e5bbbfe4b99defbc8ce6989fe69c9fe4ba8cefbc89e887b332e69c8833e697a5efbc88e5869ce58e86e6ada3e69c88e5889de585adefbc8ce6989fe69c9fe4b880efbc89e694bee58187e8b083e4bc91efbc8ce585b137e5a4a9e380820a32303235e5b9b432e69c8834e697a5efbc88e5869ce58e86e6ada3e69c88e5889de4b883efbc8ce6989fe69c9fe4ba8cefbc89e6ada3e5bc8fe4b88ae78fade380820a0ae4ba8ce38081e8b083e78fade5ae89e68e920a32303235e5b9b431e69c883236e697a5efbc88e6989fe69c9fe697a5efbc89e3808132e69c8838e697a5efbc88e6989fe69c9fe585adefbc89e6ada3e5b8b8e4b88ae78fade380820a0ae4b889e38081e79bb8e585b3e4ba8be9a1b90a0ae5b7a5e4bd9ce5ae89e68e92efbc9ae8afb7e59084e983a8e997a8e59198e5b7a5e59ca8e694bee58187e5898de5a6a5e59684e5ae8ce68890e69cace8818ce5b7a5e4bd9cefbc8ce6a380e69fa5e58a9ee585ace8aebee5a487efbc8ce585b3e997ade794b5e6ba90e38081e997a8e7aa97efbc8ce5819ae5a5bde998b2e781abe998b2e79b97e7ad89e5ae89e585a8e6a380e69fa5e5b7a5e4bd9ce380820a0ae580bce78fade5ae89e68e92efbc9ae5a682e69c89e99c80e8a681efbc8ce79bb8e585b3e983a8e997a8e99c80e68f90e5898de5ae89e68e92e5a5bde58187e69c9fe580bce78fade4babae59198efbc8ce5b9b6e5b086e5908de58d95e68aa5e887b3e8a18ce694bfe983a82fe7bbbce59088e7aea1e79086e983a8e5a487e6a188e38082e580bce78fade4babae59198e9a1bbe59d9ae5ae88e5b297e4bd8defbc8ce4bf9de68c81e9809ae8aeafe79585e9809ae380820a0ae58187e69c9fe5ae89e585a8efbc9ae58187e69c9fe69c9fe997b4efbc8ce8afb7e5a4a7e5aeb6e6b3a8e6848fe4baa4e9809ae38081e9a5aee9a39fe58f8ae4babae8baabe8b4a2e4baa7e5ae89e585a8efbc8ce5819ae5a5bde4b8aae4babae581a5e5bab7e998b2e68aa4efbc8ce5baa6e8bf87e4b880e4b8aae5b9b3e5ae89e38081e7a5a5e5928ce38081e68489e5bfabe79a84e698a5e88a82e380820a0ae88a82e5908ee8bf94e5b297efbc9ae8afb7e585a8e4bd93e59198e5b7a5e59088e79086e5ae89e68e92e8bf94e7a88be697b6e997b4efbc8ce7a1aee4bf9de88a82e5908ee58786e697b6e8bf94e5b297e38082e5a682e98187e789b9e6ae8ae68385e586b5e99c80e68f90e5898de8afb7e58187efbc8ce8afb7e68c89e585ace58fb8e8a784e5ae9ae58a9ee79086e8afb7e58187e6898be7bbade380820a0ae6849fe8b0a2e5a4a7e5aeb6e4b880e5b9b4e69da5e79a84e8be9be58ba4e4bb98e587baefbc81e9a284e7a59de585a8e4bd93e59198e5b7a5e58f8ae5aeb6e4babaefbc9a0ae696b0e698a5e5bfabe4b990efbc8ce9be99e9a9ace7b2bee7a59eefbc8ce99896e5aeb6e5b9b8e7a68fefbc8ce4b887e4ba8be5a682e6848fefbc810a0ae789b9e6ada4e9809ae79fa5e380820a0a5be585ace58fb8e5908de7a7b05d0a5be8a18ce694bfe983a82fe4babae58a9be8b584e6ba90e983a82fe58a9ee585ace5aea45d0a32303235e5b9b431e69c885858e697a5');
SELECT pg_catalog.lo_close(0);

COMMIT;

--
-- Name: ems_alarm_config ems_alarm_config_pkey; Type: CONSTRAINT; Schema: public; Owner: postgres
--

ALTER TABLE ONLY public.ems_alarm_config
    ADD CONSTRAINT ems_alarm_config_pkey PRIMARY KEY (id);


--
-- Name: ems_alarm_limit_type ems_alarm_limit_type_pkey; Type: CONSTRAINT; Schema: public; Owner: postgres
--

ALTER TABLE ONLY public.ems_alarm_limit_type
    ADD CONSTRAINT ems_alarm_limit_type_pkey PRIMARY KEY (id);


--
-- Name: ems_alarm_record ems_alarm_record_pkey; Type: CONSTRAINT; Schema: public; Owner: postgres
--

ALTER TABLE ONLY public.ems_alarm_record
    ADD CONSTRAINT ems_alarm_record_pkey PRIMARY KEY (id);


--
-- Name: ems_benchmark ems_benchmark_pkey; Type: CONSTRAINT; Schema: public; Owner: postgres
--

ALTER TABLE ONLY public.ems_benchmark
    ADD CONSTRAINT ems_benchmark_pkey PRIMARY KEY (id);


--
-- Name: ems_cost_policy_binding ems_cost_policy_binding_pkey; Type: CONSTRAINT; Schema: public; Owner: postgres
--

ALTER TABLE ONLY public.ems_cost_policy_binding
    ADD CONSTRAINT ems_cost_policy_binding_pkey PRIMARY KEY (id);


--
-- Name: ems_data_source ems_data_source_pkey; Type: CONSTRAINT; Schema: public; Owner: postgres
--

ALTER TABLE ONLY public.ems_data_source
    ADD CONSTRAINT ems_data_source_pkey PRIMARY KEY (id);


--
-- Name: ems_energy_cost_record ems_energy_cost_record_pkey; Type: CONSTRAINT; Schema: public; Owner: postgres
--

ALTER TABLE ONLY public.ems_energy_cost_record
    ADD CONSTRAINT ems_energy_cost_record_pkey PRIMARY KEY (id);


--
-- Name: ems_energy_data ems_energy_data_pkey; Type: CONSTRAINT; Schema: public; Owner: postgres
--

ALTER TABLE ONLY public.ems_energy_data
    ADD CONSTRAINT ems_energy_data_pkey PRIMARY KEY (id);


--
-- Name: ems_energy_saving_project ems_energy_saving_project_pkey; Type: CONSTRAINT; Schema: public; Owner: postgres
--

ALTER TABLE ONLY public.ems_energy_saving_project
    ADD CONSTRAINT ems_energy_saving_project_pkey PRIMARY KEY (id);


--
-- Name: ems_energy_type ems_energy_type_pkey; Type: CONSTRAINT; Schema: public; Owner: postgres
--

ALTER TABLE ONLY public.ems_energy_type
    ADD CONSTRAINT ems_energy_type_pkey PRIMARY KEY (id);


--
-- Name: ems_energy_unit ems_energy_unit_pkey; Type: CONSTRAINT; Schema: public; Owner: postgres
--

ALTER TABLE ONLY public.ems_energy_unit
    ADD CONSTRAINT ems_energy_unit_pkey PRIMARY KEY (id);


--
-- Name: ems_energy_unit_point ems_energy_unit_point_pkey; Type: CONSTRAINT; Schema: public; Owner: postgres
--

ALTER TABLE ONLY public.ems_energy_unit_point
    ADD CONSTRAINT ems_energy_unit_point_pkey PRIMARY KEY (meter_point_id, energy_unit_id);


--
-- Name: ems_equipment ems_equipment_pkey; Type: CONSTRAINT; Schema: public; Owner: postgres
--

ALTER TABLE ONLY public.ems_equipment
    ADD CONSTRAINT ems_equipment_pkey PRIMARY KEY (id);


--
-- Name: ems_gateway ems_gateway_pkey; Type: CONSTRAINT; Schema: public; Owner: postgres
--

ALTER TABLE ONLY public.ems_gateway
    ADD CONSTRAINT ems_gateway_pkey PRIMARY KEY (id);


--
-- Name: ems_knowledge_article ems_knowledge_article_pkey; Type: CONSTRAINT; Schema: public; Owner: postgres
--

ALTER TABLE ONLY public.ems_knowledge_article
    ADD CONSTRAINT ems_knowledge_article_pkey PRIMARY KEY (id);


--
-- Name: ems_meter ems_meter_pkey; Type: CONSTRAINT; Schema: public; Owner: postgres
--

ALTER TABLE ONLY public.ems_meter
    ADD CONSTRAINT ems_meter_pkey PRIMARY KEY (id);


--
-- Name: ems_meter_point ems_meter_point_pkey; Type: CONSTRAINT; Schema: public; Owner: postgres
--

ALTER TABLE ONLY public.ems_meter_point
    ADD CONSTRAINT ems_meter_point_pkey PRIMARY KEY (id);


--
-- Name: ems_peak_valley_data ems_peak_valley_data_pkey; Type: CONSTRAINT; Schema: public; Owner: postgres
--

ALTER TABLE ONLY public.ems_peak_valley_data
    ADD CONSTRAINT ems_peak_valley_data_pkey PRIMARY KEY (id);


--
-- Name: ems_policy ems_policy_pkey; Type: CONSTRAINT; Schema: public; Owner: postgres
--

ALTER TABLE ONLY public.ems_policy
    ADD CONSTRAINT ems_policy_pkey PRIMARY KEY (id);


--
-- Name: ems_price_policy_item ems_price_policy_item_pkey; Type: CONSTRAINT; Schema: public; Owner: postgres
--

ALTER TABLE ONLY public.ems_price_policy_item
    ADD CONSTRAINT ems_price_policy_item_pkey PRIMARY KEY (id);


--
-- Name: ems_price_policy ems_price_policy_pkey; Type: CONSTRAINT; Schema: public; Owner: postgres
--

ALTER TABLE ONLY public.ems_price_policy
    ADD CONSTRAINT ems_price_policy_pkey PRIMARY KEY (id);


--
-- Name: ems_product ems_product_pkey; Type: CONSTRAINT; Schema: public; Owner: postgres
--

ALTER TABLE ONLY public.ems_product
    ADD CONSTRAINT ems_product_pkey PRIMARY KEY (id);


--
-- Name: ems_production_record ems_production_record_pkey; Type: CONSTRAINT; Schema: public; Owner: postgres
--

ALTER TABLE ONLY public.ems_production_record
    ADD CONSTRAINT ems_production_record_pkey PRIMARY KEY (id);


--
-- Name: ems_time_period_price ems_time_period_price_pkey; Type: CONSTRAINT; Schema: public; Owner: postgres
--

ALTER TABLE ONLY public.ems_time_period_price
    ADD CONSTRAINT ems_time_period_price_pkey PRIMARY KEY (id);


--
-- Name: sys_dict_type idx_dict_type; Type: CONSTRAINT; Schema: public; Owner: postgres
--

ALTER TABLE ONLY public.sys_dict_type
    ADD CONSTRAINT idx_dict_type UNIQUE (type);


--
-- Name: sys_config sys_config_pkey; Type: CONSTRAINT; Schema: public; Owner: postgres
--

ALTER TABLE ONLY public.sys_config
    ADD CONSTRAINT sys_config_pkey PRIMARY KEY (id);


--
-- Name: sys_dept sys_dept_pkey; Type: CONSTRAINT; Schema: public; Owner: postgres
--

ALTER TABLE ONLY public.sys_dept
    ADD CONSTRAINT sys_dept_pkey PRIMARY KEY (id);


--
-- Name: sys_dict_data sys_dict_data_pkey; Type: CONSTRAINT; Schema: public; Owner: postgres
--

ALTER TABLE ONLY public.sys_dict_data
    ADD CONSTRAINT sys_dict_data_pkey PRIMARY KEY (id);


--
-- Name: sys_dict_type sys_dict_type_pkey; Type: CONSTRAINT; Schema: public; Owner: postgres
--

ALTER TABLE ONLY public.sys_dict_type
    ADD CONSTRAINT sys_dict_type_pkey PRIMARY KEY (id);


--
-- Name: sys_log sys_log_pkey; Type: CONSTRAINT; Schema: public; Owner: postgres
--

ALTER TABLE ONLY public.sys_log
    ADD CONSTRAINT sys_log_pkey PRIMARY KEY (id);


--
-- Name: sys_login_log sys_login_log_pkey; Type: CONSTRAINT; Schema: public; Owner: postgres
--

ALTER TABLE ONLY public.sys_login_log
    ADD CONSTRAINT sys_login_log_pkey PRIMARY KEY (id);


--
-- Name: sys_menu sys_menu_pkey; Type: CONSTRAINT; Schema: public; Owner: postgres
--

ALTER TABLE ONLY public.sys_menu
    ADD CONSTRAINT sys_menu_pkey PRIMARY KEY (id);


--
-- Name: sys_module sys_module_pkey; Type: CONSTRAINT; Schema: public; Owner: postgres
--

ALTER TABLE ONLY public.sys_module
    ADD CONSTRAINT sys_module_pkey PRIMARY KEY (id);


--
-- Name: sys_notice sys_notice_pkey; Type: CONSTRAINT; Schema: public; Owner: postgres
--

ALTER TABLE ONLY public.sys_notice
    ADD CONSTRAINT sys_notice_pkey PRIMARY KEY (id);


--
-- Name: sys_operation_log sys_operation_log_pkey; Type: CONSTRAINT; Schema: public; Owner: postgres
--

ALTER TABLE ONLY public.sys_operation_log
    ADD CONSTRAINT sys_operation_log_pkey PRIMARY KEY (id);


--
-- Name: sys_permission sys_permission_pkey; Type: CONSTRAINT; Schema: public; Owner: postgres
--

ALTER TABLE ONLY public.sys_permission
    ADD CONSTRAINT sys_permission_pkey PRIMARY KEY (id);


--
-- Name: sys_post sys_post_pkey; Type: CONSTRAINT; Schema: public; Owner: postgres
--

ALTER TABLE ONLY public.sys_post
    ADD CONSTRAINT sys_post_pkey PRIMARY KEY (id);


--
-- Name: sys_role_permission sys_role_permission_pkey; Type: CONSTRAINT; Schema: public; Owner: postgres
--

ALTER TABLE ONLY public.sys_role_permission
    ADD CONSTRAINT sys_role_permission_pkey PRIMARY KEY (role_id, permission_id);


--
-- Name: sys_role sys_role_pkey; Type: CONSTRAINT; Schema: public; Owner: postgres
--

ALTER TABLE ONLY public.sys_role
    ADD CONSTRAINT sys_role_pkey PRIMARY KEY (id);


--
-- Name: sys_user_notice sys_user_notice_pkey; Type: CONSTRAINT; Schema: public; Owner: postgres
--

ALTER TABLE ONLY public.sys_user_notice
    ADD CONSTRAINT sys_user_notice_pkey PRIMARY KEY (id);


--
-- Name: sys_user_permission sys_user_permission_pkey; Type: CONSTRAINT; Schema: public; Owner: postgres
--

ALTER TABLE ONLY public.sys_user_permission
    ADD CONSTRAINT sys_user_permission_pkey PRIMARY KEY (user_id, permission_id);


--
-- Name: sys_user sys_user_pkey; Type: CONSTRAINT; Schema: public; Owner: postgres
--

ALTER TABLE ONLY public.sys_user
    ADD CONSTRAINT sys_user_pkey PRIMARY KEY (id);


--
-- Name: sys_user_post sys_user_post_pkey; Type: CONSTRAINT; Schema: public; Owner: postgres
--

ALTER TABLE ONLY public.sys_user_post
    ADD CONSTRAINT sys_user_post_pkey PRIMARY KEY (user_id, post_id);


--
-- Name: sys_user_role sys_user_role_pkey; Type: CONSTRAINT; Schema: public; Owner: postgres
--

ALTER TABLE ONLY public.sys_user_role
    ADD CONSTRAINT sys_user_role_pkey PRIMARY KEY (user_id, role_id);


--
-- Name: ems_energy_unit uk1dd9o4p4mktlib0tq3gpnl2gu; Type: CONSTRAINT; Schema: public; Owner: postgres
--

ALTER TABLE ONLY public.ems_energy_unit
    ADD CONSTRAINT uk1dd9o4p4mktlib0tq3gpnl2gu UNIQUE (code);


--
-- Name: sys_permission uk2vm98en2ouht0v15fvef2whp4; Type: CONSTRAINT; Schema: public; Owner: postgres
--

ALTER TABLE ONLY public.sys_permission
    ADD CONSTRAINT uk2vm98en2ouht0v15fvef2whp4 UNIQUE (code);


--
-- Name: sys_user uk51bvuyvihefoh4kp5syh2jpi4; Type: CONSTRAINT; Schema: public; Owner: postgres
--

ALTER TABLE ONLY public.sys_user
    ADD CONSTRAINT uk51bvuyvihefoh4kp5syh2jpi4 UNIQUE (username);


--
-- Name: ems_gateway uk540tj2jwrnu736khhw3kkou6f; Type: CONSTRAINT; Schema: public; Owner: postgres
--

ALTER TABLE ONLY public.ems_gateway
    ADD CONSTRAINT uk540tj2jwrnu736khhw3kkou6f UNIQUE (code);


--
-- Name: ems_benchmark uk541184xedrs6lp0yd95kiplis; Type: CONSTRAINT; Schema: public; Owner: postgres
--

ALTER TABLE ONLY public.ems_benchmark
    ADD CONSTRAINT uk541184xedrs6lp0yd95kiplis UNIQUE (code);


--
-- Name: ems_meter uk5xsxp2n696rrf80766t933ly8; Type: CONSTRAINT; Schema: public; Owner: postgres
--

ALTER TABLE ONLY public.ems_meter
    ADD CONSTRAINT uk5xsxp2n696rrf80766t933ly8 UNIQUE (code);


--
-- Name: sys_dict_data uk_dict_data_value_type; Type: CONSTRAINT; Schema: public; Owner: postgres
--

ALTER TABLE ONLY public.sys_dict_data
    ADD CONSTRAINT uk_dict_data_value_type UNIQUE (value, type_code);


--
-- Name: ems_alarm_limit_type ukco6bbk2823t0js0qnrd41naxu; Type: CONSTRAINT; Schema: public; Owner: postgres
--

ALTER TABLE ONLY public.ems_alarm_limit_type
    ADD CONSTRAINT ukco6bbk2823t0js0qnrd41naxu UNIQUE (limit_code);


--
-- Name: sys_user_notice uke8tesnqlq4mwewoyko7609fxb; Type: CONSTRAINT; Schema: public; Owner: postgres
--

ALTER TABLE ONLY public.sys_user_notice
    ADD CONSTRAINT uke8tesnqlq4mwewoyko7609fxb UNIQUE (user_id, notice_id);


--
-- Name: sys_config ukellx5pgxddrdrfyvtfbgxccvl; Type: CONSTRAINT; Schema: public; Owner: postgres
--

ALTER TABLE ONLY public.sys_config
    ADD CONSTRAINT ukellx5pgxddrdrfyvtfbgxccvl UNIQUE (config_key);


--
-- Name: ems_equipment ukhm2u8wcbuaq9ayj62omxvuq67; Type: CONSTRAINT; Schema: public; Owner: postgres
--

ALTER TABLE ONLY public.ems_equipment
    ADD CONSTRAINT ukhm2u8wcbuaq9ayj62omxvuq67 UNIQUE (code);


--
-- Name: ems_product ukj7ymku309maor470onudrjq3n; Type: CONSTRAINT; Schema: public; Owner: postgres
--

ALTER TABLE ONLY public.ems_product
    ADD CONSTRAINT ukj7ymku309maor470onudrjq3n UNIQUE (code);


--
-- Name: ems_meter_point ukjb553gu8ityk06dbghpfbmroy; Type: CONSTRAINT; Schema: public; Owner: postgres
--

ALTER TABLE ONLY public.ems_meter_point
    ADD CONSTRAINT ukjb553gu8ityk06dbghpfbmroy UNIQUE (code);


--
-- Name: ems_price_policy ukks5jbvi22h30gn1g1fysder64; Type: CONSTRAINT; Schema: public; Owner: postgres
--

ALTER TABLE ONLY public.ems_price_policy
    ADD CONSTRAINT ukks5jbvi22h30gn1g1fysder64 UNIQUE (code);


--
-- Name: sys_module uknoavfxvjvs053hbvxfixe0gw2; Type: CONSTRAINT; Schema: public; Owner: postgres
--

ALTER TABLE ONLY public.sys_module
    ADD CONSTRAINT uknoavfxvjvs053hbvxfixe0gw2 UNIQUE (code);


--
-- Name: sys_role ukplpigyqwsqfn7mn66npgf9ftp; Type: CONSTRAINT; Schema: public; Owner: postgres
--

ALTER TABLE ONLY public.sys_role
    ADD CONSTRAINT ukplpigyqwsqfn7mn66npgf9ftp UNIQUE (code);


--
-- Name: sys_user ukpulp17fvich5aby4m0kc820h6; Type: CONSTRAINT; Schema: public; Owner: postgres
--

ALTER TABLE ONLY public.sys_user
    ADD CONSTRAINT ukpulp17fvich5aby4m0kc820h6 UNIQUE (phone);


--
-- Name: ems_energy_type ukqyk5p9pr4r421rh8un10ddyi6; Type: CONSTRAINT; Schema: public; Owner: postgres
--

ALTER TABLE ONLY public.ems_energy_type
    ADD CONSTRAINT ukqyk5p9pr4r421rh8un10ddyi6 UNIQUE (code);


--
-- Name: sys_post ukr5b7w4kya2gmxcc1asyns6odk; Type: CONSTRAINT; Schema: public; Owner: postgres
--

ALTER TABLE ONLY public.sys_post
    ADD CONSTRAINT ukr5b7w4kya2gmxcc1asyns6odk UNIQUE (code);


--
-- Name: idx_alarm_config_limit; Type: INDEX; Schema: public; Owner: postgres
--

CREATE INDEX idx_alarm_config_limit ON public.ems_alarm_config USING btree (limit_type_id);


--
-- Name: idx_alarm_config_meter_point; Type: INDEX; Schema: public; Owner: postgres
--

CREATE INDEX idx_alarm_config_meter_point ON public.ems_alarm_config USING btree (meter_point_id);


--
-- Name: idx_alarm_limit_type_code; Type: INDEX; Schema: public; Owner: postgres
--

CREATE INDEX idx_alarm_limit_type_code ON public.ems_alarm_limit_type USING btree (limit_code);


--
-- Name: idx_alarm_record_config; Type: INDEX; Schema: public; Owner: postgres
--

CREATE INDEX idx_alarm_record_config ON public.ems_alarm_record USING btree (config_id);


--
-- Name: idx_alarm_record_time; Type: INDEX; Schema: public; Owner: postgres
--

CREATE INDEX idx_alarm_record_time ON public.ems_alarm_record USING btree (trigger_time);


--
-- Name: idx_benchmark_code; Type: INDEX; Schema: public; Owner: postgres
--

CREATE INDEX idx_benchmark_code ON public.ems_benchmark USING btree (code);


--
-- Name: idx_benchmark_type; Type: INDEX; Schema: public; Owner: postgres
--

CREATE INDEX idx_benchmark_type ON public.ems_benchmark USING btree (type);


--
-- Name: idx_cpb_energy_unit; Type: INDEX; Schema: public; Owner: postgres
--

CREATE INDEX idx_cpb_energy_unit ON public.ems_cost_policy_binding USING btree (energy_unit_id);


--
-- Name: idx_cpb_price_policy; Type: INDEX; Schema: public; Owner: postgres
--

CREATE INDEX idx_cpb_price_policy ON public.ems_cost_policy_binding USING btree (price_policy_id);


--
-- Name: idx_data_source_gateway; Type: INDEX; Schema: public; Owner: postgres
--

CREATE INDEX idx_data_source_gateway ON public.ems_data_source USING btree (gateway_id);


--
-- Name: idx_data_source_protocol; Type: INDEX; Schema: public; Owner: postgres
--

CREATE INDEX idx_data_source_protocol ON public.ems_data_source USING btree (protocol);


--
-- Name: idx_dict_data_type; Type: INDEX; Schema: public; Owner: postgres
--

CREATE INDEX idx_dict_data_type ON public.sys_dict_data USING btree (type_code);


--
-- Name: idx_ecr_energy_unit; Type: INDEX; Schema: public; Owner: postgres
--

CREATE INDEX idx_ecr_energy_unit ON public.ems_energy_cost_record USING btree (energy_unit_id);


--
-- Name: idx_ecr_period_type; Type: INDEX; Schema: public; Owner: postgres
--

CREATE INDEX idx_ecr_period_type ON public.ems_energy_cost_record USING btree (period_type);


--
-- Name: idx_ecr_record_date; Type: INDEX; Schema: public; Owner: postgres
--

CREATE INDEX idx_ecr_record_date ON public.ems_energy_cost_record USING btree (record_date);


--
-- Name: idx_energy_data_composite; Type: INDEX; Schema: public; Owner: postgres
--

CREATE INDEX idx_energy_data_composite ON public.ems_energy_data USING btree (meter_point_id, data_time, time_type);


--
-- Name: idx_energy_data_point; Type: INDEX; Schema: public; Owner: postgres
--

CREATE INDEX idx_energy_data_point ON public.ems_energy_data USING btree (meter_point_id);


--
-- Name: idx_energy_data_time; Type: INDEX; Schema: public; Owner: postgres
--

CREATE INDEX idx_energy_data_time ON public.ems_energy_data USING btree (data_time, time_type);


--
-- Name: idx_energy_data_type; Type: INDEX; Schema: public; Owner: postgres
--

CREATE INDEX idx_energy_data_type ON public.ems_energy_data USING btree (energy_type_id);


--
-- Name: idx_energy_type_category; Type: INDEX; Schema: public; Owner: postgres
--

CREATE INDEX idx_energy_type_category ON public.ems_energy_type USING btree (category);


--
-- Name: idx_energy_type_code; Type: INDEX; Schema: public; Owner: postgres
--

CREATE INDEX idx_energy_type_code ON public.ems_energy_type USING btree (code);


--
-- Name: idx_energy_unit_code; Type: INDEX; Schema: public; Owner: postgres
--

CREATE INDEX idx_energy_unit_code ON public.ems_energy_unit USING btree (code);


--
-- Name: idx_energy_unit_parent; Type: INDEX; Schema: public; Owner: postgres
--

CREATE INDEX idx_energy_unit_parent ON public.ems_energy_unit USING btree (parent_id);


--
-- Name: idx_energy_unit_type; Type: INDEX; Schema: public; Owner: postgres
--

CREATE INDEX idx_energy_unit_type ON public.ems_energy_unit USING btree (unit_type);


--
-- Name: idx_equipment_code; Type: INDEX; Schema: public; Owner: postgres
--

CREATE INDEX idx_equipment_code ON public.ems_equipment USING btree (code);


--
-- Name: idx_equipment_energy_unit; Type: INDEX; Schema: public; Owner: postgres
--

CREATE INDEX idx_equipment_energy_unit ON public.ems_equipment USING btree (energy_unit_id);


--
-- Name: idx_gateway_code; Type: INDEX; Schema: public; Owner: postgres
--

CREATE INDEX idx_gateway_code ON public.ems_gateway USING btree (code);


--
-- Name: idx_gateway_energy_unit; Type: INDEX; Schema: public; Owner: postgres
--

CREATE INDEX idx_gateway_energy_unit ON public.ems_gateway USING btree (energy_unit_id);


--
-- Name: idx_knowledge_energy_type; Type: INDEX; Schema: public; Owner: postgres
--

CREATE INDEX idx_knowledge_energy_type ON public.ems_knowledge_article USING btree (energy_type_id);


--
-- Name: idx_knowledge_status; Type: INDEX; Schema: public; Owner: postgres
--

CREATE INDEX idx_knowledge_status ON public.ems_knowledge_article USING btree (status);


--
-- Name: idx_meter_code; Type: INDEX; Schema: public; Owner: postgres
--

CREATE INDEX idx_meter_code ON public.ems_meter USING btree (code);


--
-- Name: idx_meter_energy_type; Type: INDEX; Schema: public; Owner: postgres
--

CREATE INDEX idx_meter_energy_type ON public.ems_meter USING btree (energy_type_id);


--
-- Name: idx_meter_point_code; Type: INDEX; Schema: public; Owner: postgres
--

CREATE INDEX idx_meter_point_code ON public.ems_meter_point USING btree (code);


--
-- Name: idx_meter_point_energy_type; Type: INDEX; Schema: public; Owner: postgres
--

CREATE INDEX idx_meter_point_energy_type ON public.ems_meter_point USING btree (energy_type_id);


--
-- Name: idx_meter_point_meter; Type: INDEX; Schema: public; Owner: postgres
--

CREATE INDEX idx_meter_point_meter ON public.ems_meter_point USING btree (meter_id);


--
-- Name: idx_meter_type; Type: INDEX; Schema: public; Owner: postgres
--

CREATE INDEX idx_meter_type ON public.ems_meter USING btree (type);


--
-- Name: idx_permission_code; Type: INDEX; Schema: public; Owner: postgres
--

CREATE INDEX idx_permission_code ON public.sys_permission USING btree (code);


--
-- Name: idx_permission_id; Type: INDEX; Schema: public; Owner: postgres
--

CREATE INDEX idx_permission_id ON public.sys_permission USING btree (id);


--
-- Name: idx_policy_issuing_date; Type: INDEX; Schema: public; Owner: postgres
--

CREATE INDEX idx_policy_issuing_date ON public.ems_policy USING btree (issuing_date);


--
-- Name: idx_policy_type; Type: INDEX; Schema: public; Owner: postgres
--

CREATE INDEX idx_policy_type ON public.ems_policy USING btree (type);


--
-- Name: idx_price_policy_code; Type: INDEX; Schema: public; Owner: postgres
--

CREATE INDEX idx_price_policy_code ON public.ems_price_policy USING btree (code);


--
-- Name: idx_price_policy_energy_type; Type: INDEX; Schema: public; Owner: postgres
--

CREATE INDEX idx_price_policy_energy_type ON public.ems_price_policy USING btree (energy_type_id);


--
-- Name: idx_price_policy_item_policy; Type: INDEX; Schema: public; Owner: postgres
--

CREATE INDEX idx_price_policy_item_policy ON public.ems_price_policy_item USING btree (policy_id);


--
-- Name: idx_product_code; Type: INDEX; Schema: public; Owner: postgres
--

CREATE INDEX idx_product_code ON public.ems_product USING btree (code);


--
-- Name: idx_product_status; Type: INDEX; Schema: public; Owner: postgres
--

CREATE INDEX idx_product_status ON public.ems_product USING btree (status);


--
-- Name: idx_production_date; Type: INDEX; Schema: public; Owner: postgres
--

CREATE INDEX idx_production_date ON public.ems_production_record USING btree (record_date);


--
-- Name: idx_production_energy_unit; Type: INDEX; Schema: public; Owner: postgres
--

CREATE INDEX idx_production_energy_unit ON public.ems_production_record USING btree (energy_unit_id);


--
-- Name: idx_production_product; Type: INDEX; Schema: public; Owner: postgres
--

CREATE INDEX idx_production_product ON public.ems_production_record USING btree (product_name);


--
-- Name: idx_pvd_data_time; Type: INDEX; Schema: public; Owner: postgres
--

CREATE INDEX idx_pvd_data_time ON public.ems_peak_valley_data USING btree (data_time, time_type);


--
-- Name: idx_pvd_energy_unit; Type: INDEX; Schema: public; Owner: postgres
--

CREATE INDEX idx_pvd_energy_unit ON public.ems_peak_valley_data USING btree (energy_unit_id);


--
-- Name: idx_pvd_meter_point; Type: INDEX; Schema: public; Owner: postgres
--

CREATE INDEX idx_pvd_meter_point ON public.ems_peak_valley_data USING btree (meter_point_id);


--
-- Name: idx_role_code; Type: INDEX; Schema: public; Owner: postgres
--

CREATE INDEX idx_role_code ON public.sys_role USING btree (code);


--
-- Name: idx_role_id; Type: INDEX; Schema: public; Owner: postgres
--

CREATE INDEX idx_role_id ON public.sys_role USING btree (id);


--
-- Name: idx_role_perm_permission_id; Type: INDEX; Schema: public; Owner: postgres
--

CREATE INDEX idx_role_perm_permission_id ON public.sys_role_permission USING btree (permission_id);


--
-- Name: idx_role_perm_role_id; Type: INDEX; Schema: public; Owner: postgres
--

CREATE INDEX idx_role_perm_role_id ON public.sys_role_permission USING btree (role_id);


--
-- Name: idx_saving_project_liable; Type: INDEX; Schema: public; Owner: postgres
--

CREATE INDEX idx_saving_project_liable ON public.ems_energy_saving_project USING btree (liable_person);


--
-- Name: idx_saving_project_status; Type: INDEX; Schema: public; Owner: postgres
--

CREATE INDEX idx_saving_project_status ON public.ems_energy_saving_project USING btree (status);


--
-- Name: idx_sys_dept_parent; Type: INDEX; Schema: public; Owner: postgres
--

CREATE INDEX idx_sys_dept_parent ON public.sys_dept USING btree (parent_id);


--
-- Name: idx_sys_dept_status; Type: INDEX; Schema: public; Owner: postgres
--

CREATE INDEX idx_sys_dept_status ON public.sys_dept USING btree (status);


--
-- Name: idx_sys_log_time; Type: INDEX; Schema: public; Owner: postgres
--

CREATE INDEX idx_sys_log_time ON public.sys_log USING btree (created_at);


--
-- Name: idx_sys_log_type; Type: INDEX; Schema: public; Owner: postgres
--

CREATE INDEX idx_sys_log_type ON public.sys_log USING btree (log_type);


--
-- Name: idx_sys_log_user; Type: INDEX; Schema: public; Owner: postgres
--

CREATE INDEX idx_sys_log_user ON public.sys_log USING btree (username);


--
-- Name: idx_sys_login_status; Type: INDEX; Schema: public; Owner: postgres
--

CREATE INDEX idx_sys_login_status ON public.sys_login_log USING btree (status);


--
-- Name: idx_sys_login_time; Type: INDEX; Schema: public; Owner: postgres
--

CREATE INDEX idx_sys_login_time ON public.sys_login_log USING btree (login_time);


--
-- Name: idx_sys_menu_parent; Type: INDEX; Schema: public; Owner: postgres
--

CREATE INDEX idx_sys_menu_parent ON public.sys_menu USING btree (parent_id);


--
-- Name: idx_sys_oper_log_status; Type: INDEX; Schema: public; Owner: postgres
--

CREATE INDEX idx_sys_oper_log_status ON public.sys_operation_log USING btree (status);


--
-- Name: idx_sys_oper_log_time; Type: INDEX; Schema: public; Owner: postgres
--

CREATE INDEX idx_sys_oper_log_time ON public.sys_operation_log USING btree (created_at);


--
-- Name: idx_sys_oper_log_title; Type: INDEX; Schema: public; Owner: postgres
--

CREATE INDEX idx_sys_oper_log_title ON public.sys_operation_log USING btree (title);


--
-- Name: idx_sys_post_code; Type: INDEX; Schema: public; Owner: postgres
--

CREATE INDEX idx_sys_post_code ON public.sys_post USING btree (code);


--
-- Name: idx_sys_user_phone; Type: INDEX; Schema: public; Owner: postgres
--

CREATE INDEX idx_sys_user_phone ON public.sys_user USING btree (phone);


--
-- Name: idx_sys_user_username; Type: INDEX; Schema: public; Owner: postgres
--

CREATE INDEX idx_sys_user_username ON public.sys_user USING btree (username);


--
-- Name: idx_user_notice_notice_id; Type: INDEX; Schema: public; Owner: postgres
--

CREATE INDEX idx_user_notice_notice_id ON public.sys_user_notice USING btree (notice_id);


--
-- Name: idx_user_notice_user_id; Type: INDEX; Schema: public; Owner: postgres
--

CREATE INDEX idx_user_notice_user_id ON public.sys_user_notice USING btree (user_id);


--
-- Name: idx_user_permission_permission_id; Type: INDEX; Schema: public; Owner: postgres
--

CREATE INDEX idx_user_permission_permission_id ON public.sys_user_permission USING btree (permission_id);


--
-- Name: idx_user_permission_user_id; Type: INDEX; Schema: public; Owner: postgres
--

CREATE INDEX idx_user_permission_user_id ON public.sys_user_permission USING btree (user_id);


--
-- Name: idx_user_post_post_id; Type: INDEX; Schema: public; Owner: postgres
--

CREATE INDEX idx_user_post_post_id ON public.sys_user_post USING btree (post_id);


--
-- Name: idx_user_post_user_id; Type: INDEX; Schema: public; Owner: postgres
--

CREATE INDEX idx_user_post_user_id ON public.sys_user_post USING btree (user_id);


--
-- Name: idx_user_role_role_id; Type: INDEX; Schema: public; Owner: postgres
--

CREATE INDEX idx_user_role_role_id ON public.sys_user_role USING btree (role_id);


--
-- Name: idx_user_role_user_id; Type: INDEX; Schema: public; Owner: postgres
--

CREATE INDEX idx_user_role_user_id ON public.sys_user_role USING btree (user_id);


--
-- Name: ems_equipment fk10egc3sjv1hqpxosvkbfqgrr7; Type: FK CONSTRAINT; Schema: public; Owner: postgres
--

ALTER TABLE ONLY public.ems_equipment
    ADD CONSTRAINT fk10egc3sjv1hqpxosvkbfqgrr7 FOREIGN KEY (energy_unit_id) REFERENCES public.ems_energy_unit(id);


--
-- Name: ems_time_period_price fk2a7o9rx5066t0bxuhqovre0jv; Type: FK CONSTRAINT; Schema: public; Owner: postgres
--

ALTER TABLE ONLY public.ems_time_period_price
    ADD CONSTRAINT fk2a7o9rx5066t0bxuhqovre0jv FOREIGN KEY (price_policy_id) REFERENCES public.ems_price_policy(id);


--
-- Name: sys_menu fk2jrf4gb0gjqi8882gxytpxnhe; Type: FK CONSTRAINT; Schema: public; Owner: postgres
--

ALTER TABLE ONLY public.sys_menu
    ADD CONSTRAINT fk2jrf4gb0gjqi8882gxytpxnhe FOREIGN KEY (parent_id) REFERENCES public.sys_menu(id);


--
-- Name: ems_meter fk2u7l39m9oc8l1x0gbrm030auy; Type: FK CONSTRAINT; Schema: public; Owner: postgres
--

ALTER TABLE ONLY public.ems_meter
    ADD CONSTRAINT fk2u7l39m9oc8l1x0gbrm030auy FOREIGN KEY (data_source_id) REFERENCES public.ems_data_source(id);


--
-- Name: ems_peak_valley_data fk2xxsklymdmvnetmrqbh4v4qfv; Type: FK CONSTRAINT; Schema: public; Owner: postgres
--

ALTER TABLE ONLY public.ems_peak_valley_data
    ADD CONSTRAINT fk2xxsklymdmvnetmrqbh4v4qfv FOREIGN KEY (meter_point_id) REFERENCES public.ems_meter_point(id);


--
-- Name: ems_data_source fk4ooqkat90bq8bdplv00h2ntjd; Type: FK CONSTRAINT; Schema: public; Owner: postgres
--

ALTER TABLE ONLY public.ems_data_source
    ADD CONSTRAINT fk4ooqkat90bq8bdplv00h2ntjd FOREIGN KEY (gateway_id) REFERENCES public.ems_gateway(id);


--
-- Name: ems_peak_valley_data fk5rnu6abd4lmuhx0qomoybvqs7; Type: FK CONSTRAINT; Schema: public; Owner: postgres
--

ALTER TABLE ONLY public.ems_peak_valley_data
    ADD CONSTRAINT fk5rnu6abd4lmuhx0qomoybvqs7 FOREIGN KEY (energy_unit_id) REFERENCES public.ems_energy_unit(id);


--
-- Name: ems_gateway fk7vhm0u72mjn0bhdx33x1gp54a; Type: FK CONSTRAINT; Schema: public; Owner: postgres
--

ALTER TABLE ONLY public.ems_gateway
    ADD CONSTRAINT fk7vhm0u72mjn0bhdx33x1gp54a FOREIGN KEY (energy_unit_id) REFERENCES public.ems_energy_unit(id);


--
-- Name: ems_cost_policy_binding fk8o2swh51gx7j0nfgnq5t4ut1p; Type: FK CONSTRAINT; Schema: public; Owner: postgres
--

ALTER TABLE ONLY public.ems_cost_policy_binding
    ADD CONSTRAINT fk8o2swh51gx7j0nfgnq5t4ut1p FOREIGN KEY (energy_unit_id) REFERENCES public.ems_energy_unit(id);


--
-- Name: sys_dept fk8wb8qylwmt7squef8hedew4qe; Type: FK CONSTRAINT; Schema: public; Owner: postgres
--

ALTER TABLE ONLY public.sys_dept
    ADD CONSTRAINT fk8wb8qylwmt7squef8hedew4qe FOREIGN KEY (manager_id) REFERENCES public.sys_user(id);


--
-- Name: sys_role_permission fk9q28ewrhntqeipl1t04kh1be7; Type: FK CONSTRAINT; Schema: public; Owner: postgres
--

ALTER TABLE ONLY public.sys_role_permission
    ADD CONSTRAINT fk9q28ewrhntqeipl1t04kh1be7 FOREIGN KEY (role_id) REFERENCES public.sys_role(id);


--
-- Name: ems_meter_point fk9raqe49pu25u5l2657351qs6u; Type: FK CONSTRAINT; Schema: public; Owner: postgres
--

ALTER TABLE ONLY public.ems_meter_point
    ADD CONSTRAINT fk9raqe49pu25u5l2657351qs6u FOREIGN KEY (energy_type_id) REFERENCES public.ems_energy_type(id);


--
-- Name: ems_alarm_config fk_alarm_config_meter_point; Type: FK CONSTRAINT; Schema: public; Owner: postgres
--

ALTER TABLE ONLY public.ems_alarm_config
    ADD CONSTRAINT fk_alarm_config_meter_point FOREIGN KEY (meter_point_id) REFERENCES public.ems_meter_point(id);


--
-- Name: ems_price_policy_item fkaujit7a1vuuxapn5k3ki5u3dk; Type: FK CONSTRAINT; Schema: public; Owner: postgres
--

ALTER TABLE ONLY public.ems_price_policy_item
    ADD CONSTRAINT fkaujit7a1vuuxapn5k3ki5u3dk FOREIGN KEY (policy_id) REFERENCES public.ems_price_policy(id);


--
-- Name: sys_user fkb3pkx0wbo6o8i8lj0gxr37v1n; Type: FK CONSTRAINT; Schema: public; Owner: postgres
--

ALTER TABLE ONLY public.sys_user
    ADD CONSTRAINT fkb3pkx0wbo6o8i8lj0gxr37v1n FOREIGN KEY (dept_id) REFERENCES public.sys_dept(id);


--
-- Name: sys_user_role fkb40xxfch70f5qnyfw8yme1n1s; Type: FK CONSTRAINT; Schema: public; Owner: postgres
--

ALTER TABLE ONLY public.sys_user_role
    ADD CONSTRAINT fkb40xxfch70f5qnyfw8yme1n1s FOREIGN KEY (user_id) REFERENCES public.sys_user(id);


--
-- Name: sys_permission fkbvx60lch0yucxxb6pm8i4s3r5; Type: FK CONSTRAINT; Schema: public; Owner: postgres
--

ALTER TABLE ONLY public.sys_permission
    ADD CONSTRAINT fkbvx60lch0yucxxb6pm8i4s3r5 FOREIGN KEY (module_id) REFERENCES public.sys_module(id);


--
-- Name: ems_energy_cost_record fkcr8m7fqdmugsugc5aec8ofv9a; Type: FK CONSTRAINT; Schema: public; Owner: postgres
--

ALTER TABLE ONLY public.ems_energy_cost_record
    ADD CONSTRAINT fkcr8m7fqdmugsugc5aec8ofv9a FOREIGN KEY (energy_type_id) REFERENCES public.ems_energy_type(id);


--
-- Name: sys_dept fkd5ou5hch26i1tk6m8jc4fpirw; Type: FK CONSTRAINT; Schema: public; Owner: postgres
--

ALTER TABLE ONLY public.sys_dept
    ADD CONSTRAINT fkd5ou5hch26i1tk6m8jc4fpirw FOREIGN KEY (parent_id) REFERENCES public.sys_dept(id);


--
-- Name: ems_alarm_record fkde5gs6tyxlc7em2ikb2tjgxh5; Type: FK CONSTRAINT; Schema: public; Owner: postgres
--

ALTER TABLE ONLY public.ems_alarm_record
    ADD CONSTRAINT fkde5gs6tyxlc7em2ikb2tjgxh5 FOREIGN KEY (config_id) REFERENCES public.ems_alarm_config(id);


--
-- Name: ems_price_policy fkdm20pwebfqrjy1x2p78lk7s19; Type: FK CONSTRAINT; Schema: public; Owner: postgres
--

ALTER TABLE ONLY public.ems_price_policy
    ADD CONSTRAINT fkdm20pwebfqrjy1x2p78lk7s19 FOREIGN KEY (energy_type_id) REFERENCES public.ems_energy_type(id);


--
-- Name: sys_user_permission fke1o35okbrlv0wbsq4o8tw6mbp; Type: FK CONSTRAINT; Schema: public; Owner: postgres
--

ALTER TABLE ONLY public.sys_user_permission
    ADD CONSTRAINT fke1o35okbrlv0wbsq4o8tw6mbp FOREIGN KEY (permission_id) REFERENCES public.sys_permission(id);


--
-- Name: ems_energy_cost_record fke4enn5gcecv26cv6qqw5v67j4; Type: FK CONSTRAINT; Schema: public; Owner: postgres
--

ALTER TABLE ONLY public.ems_energy_cost_record
    ADD CONSTRAINT fke4enn5gcecv26cv6qqw5v67j4 FOREIGN KEY (energy_unit_id) REFERENCES public.ems_energy_unit(id);


--
-- Name: ems_meter_point fkeoh88jlbidlicytes7sy48uim; Type: FK CONSTRAINT; Schema: public; Owner: postgres
--

ALTER TABLE ONLY public.ems_meter_point
    ADD CONSTRAINT fkeoh88jlbidlicytes7sy48uim FOREIGN KEY (meter_id) REFERENCES public.ems_meter(id);


--
-- Name: sys_user_role fkhh52n8vd4ny9ff4x9fb8v65qx; Type: FK CONSTRAINT; Schema: public; Owner: postgres
--

ALTER TABLE ONLY public.sys_user_role
    ADD CONSTRAINT fkhh52n8vd4ny9ff4x9fb8v65qx FOREIGN KEY (role_id) REFERENCES public.sys_role(id);


--
-- Name: ems_energy_data fkhxwy6yrxwkmng9culxcvybt25; Type: FK CONSTRAINT; Schema: public; Owner: postgres
--

ALTER TABLE ONLY public.ems_energy_data
    ADD CONSTRAINT fkhxwy6yrxwkmng9culxcvybt25 FOREIGN KEY (energy_type_id) REFERENCES public.ems_energy_type(id);


--
-- Name: ems_meter fkimy8spwpso0kru9e6k2kr5t74; Type: FK CONSTRAINT; Schema: public; Owner: postgres
--

ALTER TABLE ONLY public.ems_meter
    ADD CONSTRAINT fkimy8spwpso0kru9e6k2kr5t74 FOREIGN KEY (energy_type_id) REFERENCES public.ems_energy_type(id);


--
-- Name: ems_cost_policy_binding fkj65jboyv49b49jsk2v9ibcfn6; Type: FK CONSTRAINT; Schema: public; Owner: postgres
--

ALTER TABLE ONLY public.ems_cost_policy_binding
    ADD CONSTRAINT fkj65jboyv49b49jsk2v9ibcfn6 FOREIGN KEY (price_policy_id) REFERENCES public.ems_price_policy(id);


--
-- Name: ems_meter fkkoulbk3qfxd9qcljn9ivf80ae; Type: FK CONSTRAINT; Schema: public; Owner: postgres
--

ALTER TABLE ONLY public.ems_meter
    ADD CONSTRAINT fkkoulbk3qfxd9qcljn9ivf80ae FOREIGN KEY (energy_unit_id) REFERENCES public.ems_energy_unit(id);


--
-- Name: ems_energy_data fkl2rph682la6pe73bnxopxccwn; Type: FK CONSTRAINT; Schema: public; Owner: postgres
--

ALTER TABLE ONLY public.ems_energy_data
    ADD CONSTRAINT fkl2rph682la6pe73bnxopxccwn FOREIGN KEY (meter_point_id) REFERENCES public.ems_meter_point(id);


--
-- Name: sys_role_dept fkmdoybh4v5t2ooi48m3307n7fx; Type: FK CONSTRAINT; Schema: public; Owner: postgres
--

ALTER TABLE ONLY public.sys_role_dept
    ADD CONSTRAINT fkmdoybh4v5t2ooi48m3307n7fx FOREIGN KEY (role_id) REFERENCES public.sys_role(id);


--
-- Name: sys_user_post fkng2mc7xcmyerevvobtw95bmu9; Type: FK CONSTRAINT; Schema: public; Owner: postgres
--

ALTER TABLE ONLY public.sys_user_post
    ADD CONSTRAINT fkng2mc7xcmyerevvobtw95bmu9 FOREIGN KEY (post_id) REFERENCES public.sys_post(id);


--
-- Name: ems_alarm_config fknguophx1udpdc43j06f6m3wdg; Type: FK CONSTRAINT; Schema: public; Owner: postgres
--

ALTER TABLE ONLY public.ems_alarm_config
    ADD CONSTRAINT fknguophx1udpdc43j06f6m3wdg FOREIGN KEY (limit_type_id) REFERENCES public.ems_alarm_limit_type(id);


--
-- Name: ems_energy_unit fknlkr4e061x5t6wx2u6broi9sd; Type: FK CONSTRAINT; Schema: public; Owner: postgres
--

ALTER TABLE ONLY public.ems_energy_unit
    ADD CONSTRAINT fknlkr4e061x5t6wx2u6broi9sd FOREIGN KEY (parent_id) REFERENCES public.ems_energy_unit(id);


--
-- Name: ems_meter fko56nq0xbio15g04g3lh34q55j; Type: FK CONSTRAINT; Schema: public; Owner: postgres
--

ALTER TABLE ONLY public.ems_meter
    ADD CONSTRAINT fko56nq0xbio15g04g3lh34q55j FOREIGN KEY (gateway_id) REFERENCES public.ems_gateway(id);


--
-- Name: sys_role_permission fkomxrs8a388bknvhjokh440waq; Type: FK CONSTRAINT; Schema: public; Owner: postgres
--

ALTER TABLE ONLY public.sys_role_permission
    ADD CONSTRAINT fkomxrs8a388bknvhjokh440waq FOREIGN KEY (permission_id) REFERENCES public.sys_permission(id);


--
-- Name: sys_user_permission fkoo9oirp69aql5xrde05q948ja; Type: FK CONSTRAINT; Schema: public; Owner: postgres
--

ALTER TABLE ONLY public.sys_user_permission
    ADD CONSTRAINT fkoo9oirp69aql5xrde05q948ja FOREIGN KEY (user_id) REFERENCES public.sys_user(id);


--
-- Name: sys_user_post fkpjx0gi8xwm66cp1w1jvi4hc57; Type: FK CONSTRAINT; Schema: public; Owner: postgres
--

ALTER TABLE ONLY public.sys_user_post
    ADD CONSTRAINT fkpjx0gi8xwm66cp1w1jvi4hc57 FOREIGN KEY (user_id) REFERENCES public.sys_user(id);


--
-- Name: ems_energy_unit_point fkpuo4y0owrgxop99sru6qqbtdf; Type: FK CONSTRAINT; Schema: public; Owner: postgres
--

ALTER TABLE ONLY public.ems_energy_unit_point
    ADD CONSTRAINT fkpuo4y0owrgxop99sru6qqbtdf FOREIGN KEY (energy_unit_id) REFERENCES public.ems_energy_unit(id);


--
-- Name: ems_meter fkr9nq2wwgs21wma5bd7wos93gr; Type: FK CONSTRAINT; Schema: public; Owner: postgres
--

ALTER TABLE ONLY public.ems_meter
    ADD CONSTRAINT fkr9nq2wwgs21wma5bd7wos93gr FOREIGN KEY (equipment_id) REFERENCES public.ems_equipment(id);


--
-- Name: ems_energy_unit_point fksuy4wdg82ye58frkig3ubp606; Type: FK CONSTRAINT; Schema: public; Owner: postgres
--

ALTER TABLE ONLY public.ems_energy_unit_point
    ADD CONSTRAINT fksuy4wdg82ye58frkig3ubp606 FOREIGN KEY (meter_point_id) REFERENCES public.ems_meter_point(id);


--
-- Name: ems_benchmark fkuimhqqp60r0iotcwwu346jel; Type: FK CONSTRAINT; Schema: public; Owner: postgres
--

ALTER TABLE ONLY public.ems_benchmark
    ADD CONSTRAINT fkuimhqqp60r0iotcwwu346jel FOREIGN KEY (energy_type_id) REFERENCES public.ems_energy_type(id);


--
-- PostgreSQL database dump complete
--

